Title,Year,Runtime,Genre,IMDB Rating,Grosses

Avatar,(2009),162,"['Action', 'Adventure', 'Fantasy']",7.9,2922917914

Avengers: Endgame,(2019),181,"['Action', 'Adventure', 'Drama']",8.4,2797501328

Titanic,(1997),194,"['Drama', 'Romance']",7.9,2201647264

Star Wars: Episode VII - The Force Awakens,(2015),138,"['Action', 'Adventure', 'Sci-Fi']",7.8,2069521700

Avengers: Infinity War,(2018),149,"['Action', 'Adventure', 'Sci-Fi']",8.4,2048359754

Spider-Man: No Way Home,(2021),148,"['Action', 'Adventure', 'Fantasy']",8.2,1916306995

Jurassic World,(2015),124,"['Action', 'Adventure', 'Sci-Fi']",6.9,1671537444

The Lion King 1,(2019),118,"['Animation', 'Adventure', 'Drama']",6.8,1663075401

The Avengers,(2012),143,"['Action', 'Sci-Fi']",8,1518815515

Avatar: The Way of Water,(2022),192,"['Action', 'Adventure', 'Fantasy']",7.7,1516558728

Fast & Furious 7,(2015),137,"['Action', 'Crime', 'Thriller']",7.1,1515341399

Top Gun: Maverick,(2022),130,"['Action', 'Drama']",8.3,1488732821

Frozen II,(2019),103,"['Animation', 'Adventure', 'Comedy']",6.8,1450026933

Avengers: Age of Ultron,(2015),141,"['Action', 'Adventure', 'Sci-Fi']",7.3,1402809540

Black Panther,(2018),134,"['Action', 'Adventure', 'Sci-Fi']",7.3,1382248826

Harry Potter and the Deathly Hallows: Part 2,(2011),130,"['Adventure', 'Family', 'Fantasy']",8.1,1342359942

Star Wars: Episode VIII - The Last Jedi,(2017),152,"['Action', 'Adventure', 'Fantasy']",6.9,1332698830

Jurassic World: Fallen Kingdom,(2018),128,"['Action', 'Adventure', 'Sci-Fi']",6.1,1310466296

Frozen,(I) (2013),102,"['Animation', 'Adventure', 'Comedy']",7.4,1281508100

Beauty and the Beast,(I) (2017),129,"['Adventure', 'Family', 'Fantasy']",7.1,1264435322

Incredibles 2,(2018),118,"['Animation', 'Action', 'Adventure']",7.6,1243089244

The Fate of the Furious,(2017),136,"['Action', 'Crime', 'Thriller']",6.6,1236005118

Iron Man Three,(2013),130,"['Action', 'Adventure', 'Sci-Fi']",7.1,1214811252

Minions,(2015),91,"['Animation', 'Adventure', 'Comedy']",6.4,1159444662

Captain America: Civil War,(2016),147,"['Action', 'Sci-Fi']",7.8,1153337496

Aquaman,(2018),143,"['Action', 'Adventure', 'Fantasy']",6.8,1148528393

The Lord of the Rings: The Return of the King,(2003),201,"['Action', 'Adventure', 'Drama']",9,1146457748

Spider-Man: Far from Home,(2019),129,"['Action', 'Adventure', 'Comedy']",7.4,1131927996

Captain Marvel,(2019),123,"['Action', 'Adventure', 'Sci-Fi']",6.8,1128462972

Transformers: Dark of the Moon,(2011),154,"['Action', 'Adventure', 'Sci-Fi']",6.2,1123794079

Jurassic Park,(1993),127,"['Action', 'Adventure', 'Sci-Fi']",8.2,1109802321

Skyfall,(2012),143,"['Action', 'Adventure', 'Thriller']",7.8,1108569499

Transformers: Age of Extinction,(2014),165,"['Action', 'Adventure', 'Sci-Fi']",5.6,1104054072

The Dark Knight Rises,(2012),164,"['Action', 'Drama', 'Thriller']",8.4,1081169825

Joker,(I) (2019),122,"['Crime', 'Drama', 'Thriller']",8.4,1074458282

Star Wars: Episode IX - The Rise of Skywalker,(2019),141,"['Action', 'Adventure', 'Fantasy']",6.5,1074149279

Toy Story 4,(2019),100,"['Animation', 'Adventure', 'Comedy']",7.7,1073394593

Toy Story 3,(2010),103,"['Animation', 'Adventure', 'Comedy']",8.3,1066970811

Pirates of the Caribbean: Dead Man's Chest,(2006),151,"['Action', 'Adventure', 'Fantasy']",7.3,1066179747

Rogue One,(2016),133,"['Action', 'Adventure', 'Sci-Fi']",7.8,1058682142

Aladdin,(2019),128,"['Adventure', 'Comedy', 'Family']",6.9,1050693953

Pirates of the Caribbean: On Stranger Tides,(2011),137,"['Action', 'Adventure', 'Fantasy']",6.6,1045713802

Despicable Me 3,(2017),89,"['Animation', 'Adventure', 'Comedy']",6.2,1034800131

Finding Dory,(2016),97,"['Animation', 'Adventure', 'Comedy']",7.3,1028570942

Star Wars: Episode I - The Phantom Menace,(1999),136,"['Action', 'Adventure', 'Fantasy']",6.5,1027082707

Alice in Wonderland,(I) (2010),108,"['Adventure', 'Family', 'Fantasy']",6.4,1025468216

Zootopia,(2016),108,"['Animation', 'Adventure', 'Comedy']",8,1024121104

Harry Potter and the Sorcerer's Stone,(2001),152,"['Adventure', 'Family', 'Fantasy']",7.6,1023842938

The Hobbit: An Unexpected Journey,(2012),169,"['Adventure', 'Fantasy']",7.8,1017030651

The Dark Knight,(2008),152,"['Action', 'Crime', 'Drama']",9,1006234167

Jurassic World: Dominion,(2022),147,"['Action', 'Adventure', 'Sci-Fi']",5.6,1001978080

Jumanji: Welcome to the Jungle,(2017),119,"['Action', 'Adventure', 'Comedy']",6.9,995339117

Harry Potter and the Deathly Hallows: Part 1,(2010),146,"['Adventure', 'Family', 'Fantasy']",7.7,977070383

Despicable Me 2,(2013),98,"['Animation', 'Adventure', 'Comedy']",7.3,970766005

The Lion King 2,(1994),88,"['Animation', 'Adventure', 'Drama']",8.5,968511805

The Jungle Book,(2016),106,"['Adventure', 'Drama', 'Family']",7.4,966554929

The Hobbit: The Battle of the Five Armies,(2014),144,"['Adventure', 'Fantasy']",7.4,962201338

Pirates of the Caribbean: At World's End,(2007),169,"['Action', 'Adventure', 'Fantasy']",7.1,960996492

The Hobbit: The Desolation of Smaug,(2013),161,['Fantasy'],7.8,959027992

Doctor Strange in the Multiverse of Madness,(2022),126,"['Action', 'Adventure', 'Fantasy']",6.9,955775804

The Lord of the Rings: The Two Towers,(2002),179,"['Action', 'Adventure', 'Drama']",8.8,947944270

Harry Potter and the Order of the Phoenix,(2007),138,"['Action', 'Adventure', 'Family']",7.5,942256902

Finding Nemo,(2003),100,"['Animation', 'Adventure', 'Comedy']",8.2,940352645

Minions: The Rise of Gru,(2022),87,"['Animation', 'Adventure', 'Comedy']",6.5,939628210

Harry Potter and the Half-Blood Prince,(2009),153,"['Action', 'Adventure', 'Family']",7.6,934504700

Shrek 2,(2004),93,"['Animation', 'Adventure', 'Comedy']",7.3,928760770

Harry Potter and the Chamber of Secrets,(2002),161,"['Adventure', 'Family', 'Fantasy']",7.4,925054421

Bohemian Rhapsody,(2018),134,"['Biography', 'Drama', 'Music']",7.9,910809311

Chang jin hu,(2021),176,"['Action', 'Drama', 'History']",5.4,902548476

The Lord of the Rings: The Fellowship of the Ring,(2001),178,"['Action', 'Adventure', 'Drama']",8.8,898204420

Harry Potter and the Goblet of Fire,(2005),157,"['Adventure', 'Family', 'Fantasy']",7.7,896815106

Spider-Man 3,(2007),139,"['Action', 'Adventure', 'Sci-Fi']",6.3,894983373

The Secret Life of Pets,(2016),87,"['Animation', 'Adventure', 'Comedy']",6.5,894328469

Ice Age: Dawn of the Dinosaurs,(2009),94,"['Animation', 'Adventure', 'Comedy']",6.9,886686817

Spectre,(I) (2015),148,"['Action', 'Adventure', 'Thriller']",6.8,880705312

Spider-Man: Homecoming,(2017),133,"['Action', 'Adventure', 'Sci-Fi']",7.4,880166924

Ice Age: Continental Drift,(2012),88,"['Animation', 'Adventure', 'Comedy']",6.5,877244782

Batman v Superman: Dawn of Justice,(2016),151,"['Action', 'Adventure', 'Sci-Fi']",6.4,873637528

Zhan lang II,(2017),123,"['Action', 'Adventure', 'Drama']",5.9,870325439

Star Wars: Episode III - Revenge of the Sith,(2005),140,"['Action', 'Adventure', 'Fantasy']",7.6,868390560

The Hunger Games: Catching Fire,(2013),146,"['Action', 'Adventure', 'Sci-Fi']",7.5,865011746

Guardians of the Galaxy Vol. 2,(2017),136,"['Action', 'Adventure', 'Comedy']",7.6,863756051

Inside Out,(I) (2015),95,"['Animation', 'Adventure', 'Comedy']",8.1,858848019

Venom,(2018),112,"['Action', 'Adventure', 'Sci-Fi']",6.6,856085151

Thor: Ragnarok,(2017),130,"['Action', 'Adventure', 'Comedy']",7.9,853983879

The Twilight Saga: Breaking Dawn - Part 2,(2012),115,"['Adventure', 'Drama', 'Fantasy']",5.5,848853382

Inception,(2010),148,"['Action', 'Adventure', 'Sci-Fi']",8.8,836848102

Transformers: Revenge of the Fallen,(2009),149,"['Action', 'Adventure', 'Sci-Fi']",5.9,836303693

Spider-Man,(2002),121,"['Action', 'Adventure', 'Sci-Fi']",7.4,825025036

Black Panther: Wakanda Forever,(2022),161,"['Action', 'Adventure', 'Drama']",6.7,823221911

Wonder Woman,(2017),141,"['Action', 'Adventure', 'Fantasy']",7.4,822854286

"Ni hao, Li Huanying",(2021),128,"['Comedy', 'Romance']",7,822009764

Independence Day,(1996),145,"['Action', 'Adventure', 'Sci-Fi']",7,817400891

Fantastic Beasts and Where to Find Them,(2016),132,"['Adventure', 'Family', 'Fantasy']",7.2,814044001

Shrek the Third,(2007),93,"['Animation', 'Adventure', 'Comedy']",6.1,813367380

Coco,(I) (2017),105,"['Animation', 'Adventure', 'Comedy']",8.4,807817888

Jumanji: The Next Level,(2019),123,"['Action', 'Adventure', 'Comedy']",6.7,801693929

Harry Potter and the Prisoner of Azkaban,(2004),142,"['Adventure', 'Family', 'Fantasy']",7.9,797660766

Pirates of the Caribbean: Dead Men Tell No Tales,(2017),129,"['Action', 'Adventure', 'Fantasy']",6.5,794881442

E.T. the Extra-Terrestrial,(1982),115,"['Adventure', 'Family', 'Sci-Fi']",7.9,792910554

Mission: Impossible - Fallout,(2018),147,"['Action', 'Adventure', 'Thriller']",7.7,791657398

2012,(I) (2009),158,"['Action', 'Adventure', 'Sci-Fi']",5.8,791217826

Indiana Jones and the Kingdom of the Crystal Skull,(2008),122,"['Action', 'Adventure']",6.2,790653942

Spider-Man 2,(2004),127,"['Action', 'Adventure', 'Sci-Fi']",7.4,788976453

Furious 6,(2013),130,"['Action', 'Adventure', 'Crime']",7,788680968

Deadpool 2,(2018),119,"['Action', 'Adventure', 'Comedy']",7.6,785896609

Deadpool,(2016),108,"['Action', 'Comedy']",8,782836791

Star Wars,(1977),121,"['Action', 'Adventure', 'Fantasy']",8.6,775398007

No Time to Die,(2021),163,"['Action', 'Adventure', 'Thriller']",7.3,774153007

Interstellar,(2014),169,"['Adventure', 'Drama', 'Sci-Fi']",8.6,773867216

Guardians of the Galaxy,(2014),121,"['Action', 'Adventure', 'Comedy']",8,773350147

The Batman,(2022),176,"['Action', 'Crime', 'Drama']",7.8,770945583

Thor: Love and Thunder,(2022),118,"['Action', 'Adventure', 'Comedy']",6.2,760928081

Fast & Furious Presents: Hobbs & Shaw,(2019),137,"['Action', 'Adventure', 'Thriller']",6.5,760732926

The Da Vinci Code,(2006),149,"['Mystery', 'Thriller']",6.6,760006945

Maleficent,(2014),97,"['Adventure', 'Family', 'Fantasy']",6.9,758411779

The Amazing Spider-Man,(2012),136,"['Action', 'Adventure', 'Sci-Fi']",6.9,757930663

The Hunger Games: Mockingjay - Part 1,(2014),123,"['Action', 'Adventure', 'Sci-Fi']",6.6,755356711

Shrek Forever After,(2010),95,"['Animation', 'Adventure', 'Comedy']",6.3,752600867

Gravity,(2013),91,"['Drama', 'Sci-Fi', 'Thriller']",7.7,748049949

Madagascar 3: Europe's Most Wanted,(2012),95,"['Animation', 'Adventure', 'Comedy']",6.8,746921274

Suicide Squad,(2016),123,"['Action', 'Adventure', 'Fantasy']",5.9,746846894

X-Men: Days of Future Past,(2014),132,"['Action', 'Adventure', 'Sci-Fi']",7.9,746045700

"The Chronicles of Narnia: The Lion, the Witch and the Wardrobe",(2005),143,"['Adventure', 'Family', 'Fantasy']",6.9,745013115

Monsters University,(2013),104,"['Animation', 'Adventure', 'Comedy']",7.2,743559645

The Matrix Reloaded,(2003),138,"['Action', 'Sci-Fi']",7.2,741847937

Up,(2009),96,"['Animation', 'Adventure', 'Comedy']",8.3,735099102

Ne Zha zhi mo tong jiang shi,(2019),110,"['Animation', 'Action', 'Adventure']",7.4,726264074

F9,(2021),143,"['Action', 'Crime', 'Thriller']",5.2,726229501

Captain America: The Winter Soldier,(2014),136,"['Action', 'Adventure', 'Sci-Fi']",7.8,714421503

The Twilight Saga: Breaking Dawn - Part 1,(2011),117,"['Adventure', 'Drama', 'Fantasy']",4.9,712205856

The Twilight Saga: New Moon,(2009),130,"['Adventure', 'Drama', 'Fantasy']",4.7,711025481

Dawn of the Planet of the Apes,(2014),130,"['Action', 'Adventure', 'Drama']",7.6,710644566

Transformers,(2007),144,"['Action', 'Adventure', 'Sci-Fi']",7,709709780

The Amazing Spider-Man 2,(2014),142,"['Action', 'Adventure', 'Sci-Fi']",6.6,708982323

It,(I) (2017),135,['Horror'],7.3,701842551

Liu lang di qiu,(2019),125,"['Action', 'Adventure', 'Sci-Fi']",5.9,699992512

The Twilight Saga: Eclipse,(2010),124,"['Action', 'Adventure', 'Drama']",5,698509825

Mission: Impossible - Ghost Protocol,(2011),132,"['Action', 'Adventure', 'Thriller']",7.4,694713380

Mamma Mia!,(2008),108,"['Comedy', 'Musical', 'Romance']",6.5,694476782

The Hunger Games,(2012),142,"['Action', 'Adventure', 'Sci-Fi']",7.2,694394724

Tang ren jie tan an 3,(2021),136,"['Action', 'Adventure', 'Comedy']",5.6,686257563

Mission: Impossible - Rogue Nation,(2015),131,"['Action', 'Adventure', 'Thriller']",7.4,682716636

Forrest Gump,(1994),142,"['Drama', 'Romance']",8.8,678226465

Doctor Strange,(2016),115,"['Action', 'Adventure', 'Fantasy']",7.5,677796076

The Sixth Sense,(1999),107,"['Drama', 'Mystery', 'Thriller']",8.2,672806432

Man of Steel,(2013),143,"['Action', 'Adventure', 'Sci-Fi']",7.1,668045518

Ice Age: The Meltdown,(2006),91,"['Animation', 'Adventure', 'Comedy']",6.8,667094506

Kung Fu Panda 2,(2011),90,"['Animation', 'Action', 'Adventure']",7.2,665692281

Moana,(I) (2016),107,"['Animation', 'Adventure', 'Comedy']",7.6,665069139

Justice League,(2017),120,"['Action', 'Adventure', 'Fantasy']",6.1,657926987

Big Hero 6,(2014),102,"['Animation', 'Action', 'Adventure']",7.8,657869686

Fantastic Beasts: The Crimes of Grindelwald,(2018),134,"['Adventure', 'Family', 'Fantasy']",6.5,654855901

Pirates of the Caribbean: The Curse of the Black Pearl,(2003),143,"['Action', 'Adventure', 'Fantasy']",8.1,654264015

Men in Black 3,(2012),106,"['Action', 'Adventure', 'Comedy']",6.8,654213485

Star Wars: Episode II - Attack of the Clones,(2002),142,"['Action', 'Adventure', 'Fantasy']",6.6,653779970

The Hunger Games: Mockingjay - Part 2,(2015),137,"['Action', 'Adventure', 'Sci-Fi']",6.5,653428261

Thor: The Dark World,(2013),112,"['Action', 'Adventure', 'Fantasy']",6.8,644783140

Sing,(2016),108,"['Animation', 'Comedy', 'Family']",7.1,634338384

Kung Fu Panda,(2008),92,"['Animation', 'Action', 'Adventure']",7.6,632083197

The Incredibles,(2004),115,"['Animation', 'Action', 'Adventure']",8,631607053

The Martian,(2015),144,"['Adventure', 'Drama', 'Sci-Fi']",8,630620818

Hancock,(2008),92,"['Action', 'Comedy', 'Drama']",6.4,629443428

Chang jin hu zhi shui men qiao,(2022),153,"['Action', 'Drama', 'History']",5.5,626571697

Fast Five,(2011),130,"['Action', 'Crime', 'Thriller']",7.3,626137675

Iron Man 2,(2010),124,"['Action', 'Sci-Fi']",6.9,623933331

Ratatouille,(2007),111,"['Animation', 'Adventure', 'Comedy']",8.1,623726085

Ant-Man and the Wasp,(2018),118,"['Action', 'Adventure', 'Comedy']",7,622674139

How to Train Your Dragon 2,(2014),102,"['Animation', 'Action', 'Adventure']",7.8,621537519

Logan,(2017),137,"['Action', 'Drama', 'Sci-Fi']",8.1,619179950

The Lost World: Jurassic Park,(1997),129,"['Action', 'Adventure', 'Sci-Fi']",6.5,618638999

Casino Royale,(2006),144,"['Action', 'Adventure', 'Thriller']",8,616505162

The Passion of the Christ,(2004),127,['Drama'],7.2,612054506

Life of Pi,(2012),127,"['Adventure', 'Drama', 'Fantasy']",7.9,609016565

Transformers: The Last Knight,(2017),154,"['Action', 'Adventure', 'Sci-Fi']",5.2,605425157

Madagascar: Escape 2 Africa,(2008),89,"['Animation', 'Adventure', 'Comedy']",6.6,603900354

War of the Worlds,(2005),116,"['Action', 'Adventure', 'Sci-Fi']",6.5,603873119

Tangled,(2010),100,"['Animation', 'Adventure', 'Comedy']",7.7,592462816

Ready Player One,(2018),140,"['Action', 'Adventure', 'Sci-Fi']",7.4,592241728

Quantum of Solace,(2008),106,"['Action', 'Adventure', 'Mystery']",6.6,589580482

Men in Black,(1997),98,"['Action', 'Adventure', 'Comedy']",7.3,589390539

The Croods,(2013),98,"['Animation', 'Action', 'Adventure']",7.2,587235983

The Hangover Part II,(2011),102,['Comedy'],6.5,586764305

Iron Man,(2008),126,"['Action', 'Adventure', 'Sci-Fi']",7.9,585796247

I Am Legend,(2007),101,"['Action', 'Drama', 'Horror']",7.2,585410052

"Monsters, Inc.",(2001),92,"['Animation', 'Adventure', 'Comedy']",8.1,579707738

Hong hai xing dong,(2018),142,"['Action', 'Drama', 'Thriller']",6.6,579330426

Night at the Museum,(2006),108,"['Adventure', 'Comedy', 'Family']",6.4,574481229

Fifty Shades of Grey,(2015),125,"['Drama', 'Romance', 'Thriller']",4.2,569651467

Kong: Skull Island,(2017),118,"['Action', 'Adventure', 'Fantasy']",6.6,566652812

The Smurfs,(2011),103,"['Animation', 'Adventure', 'Comedy']",5.4,563749323

Cars 2,(2011),106,"['Animation', 'Adventure', 'Comedy']",6.2,559852396

King Kong,(2005),187,"['Action', 'Adventure', 'Drama']",7.2,556906378

Puss in Boots,(2011),90,"['Animation', 'Adventure', 'Comedy']",6.6,554987477

Mei ren yu,(2016),94,"['Comedy', 'Drama', 'Fantasy']",6.2,553810228

Armageddon,(1998),151,"['Action', 'Adventure', 'Sci-Fi']",6.7,553709788

The Day After Tomorrow,(2004),124,"['Action', 'Adventure', 'Sci-Fi']",6.4,552639571

Ted,(2012),106,['Comedy'],6.9,549368315

American Sniper,(2014),133,"['Action', 'Biography', 'Drama']",7.3,547459020

Mission: Impossible II,(2000),123,"['Action', 'Adventure', 'Thriller']",6.1,546388108

Tang ren jie tan an 2,(2018),121,"['Action', 'Comedy', 'Mystery']",6.1,544185156

X-Men: Apocalypse,(2016),144,"['Action', 'Adventure', 'Sci-Fi']",6.9,543934105

Sherlock Holmes: A Game of Shadows,(2011),129,"['Action', 'Adventure', 'Mystery']",7.4,543848418

Despicable Me,(2010),95,"['Animation', 'Adventure', 'Comedy']",7.6,543157985

Cinderella,(I) (2015),105,"['Adventure', 'Drama', 'Family']",6.9,542358331

Madagascar,(2005),86,"['Animation', 'Adventure', 'Comedy']",6.9,542063846

World War Z,(2013),116,"['Action', 'Adventure', 'Horror']",7,540455876

Brave,(2012),93,"['Animation', 'Adventure', 'Comedy']",7.1,538983207

The Empire Strikes Back,(1980),124,"['Action', 'Adventure', 'Fantasy']",8.7,538375067

The Simpsons Movie,(2007),87,"['Animation', 'Adventure', 'Comedy']",7.3,536414293

The Revenant,(2015),156,"['Action', 'Adventure', 'Drama']",8,532950503

The Meg,(2018),113,"['Action', 'Horror', 'Sci-Fi']",5.6,530517320

Ralph Breaks the Internet,(2018),112,"['Animation', 'Adventure', 'Comedy']",7,529323962

Hotel Transylvania 3: Summer Vacation,(2018),97,"['Animation', 'Adventure', 'Comedy']",6.3,528583774

The Boss Baby,(2017),97,"['Animation', 'Adventure', 'Comedy']",6.3,527965936

Dunkirk,(2017),106,"['Action', 'Drama', 'History']",7.8,527016307

The Grinch,(2018),85,"['Animation', 'Comedy', 'Family']",6.4,526760632

Godzilla,(2014),123,"['Action', 'Adventure', 'Sci-Fi']",6.4,524976069

How to Train Your Dragon: The Hidden World,(2019),104,"['Animation', 'Action', 'Adventure']",7.4,524580592

Sherlock Holmes,(2009),128,"['Action', 'Adventure', 'Mystery']",7.6,524028679

Meet the Fockers,(2004),115,"['Comedy', 'Romance']",6.3,522657936

WALL·E,(2008),98,"['Animation', 'Adventure', 'Family']",8.4,521311890

Kung Fu Panda 3,(2016),95,"['Animation', 'Action', 'Adventure']",7.1,521170825

Terminator 2: Judgment Day,(1991),137,"['Action', 'Sci-Fi']",8.6,520881154

Ant-Man,(2015),117,"['Action', 'Comedy', 'Sci-Fi']",7.3,519311965

Venom: Let There Be Carnage,(2021),97,"['Action', 'Sci-Fi', 'Thriller']",5.9,506863592

Ghost,(1990),127,"['Drama', 'Fantasy', 'Romance']",7.1,505703557

Aladdin,(1992),90,"['Animation', 'Adventure', 'Comedy']",8,504050219

Gladiator,(2000),155,"['Action', 'Adventure', 'Drama']",8.5,503162313

Rio 2,(2014),101,"['Animation', 'Adventure', 'Comedy']",6.3,498781117

Troy,(2004),163,['Drama'],7.3,497409852

Toy Story 2,(1999),92,"['Animation', 'Adventure', 'Comedy']",7.9,497375381

How to Train Your Dragon,(2010),98,"['Animation', 'Action', 'Adventure']",8.1,494879471

Twister,(I) (1996),113,"['Action', 'Adventure', 'Thriller']",6.4,494580615

Oz the Great and Powerful,(2013),130,"['Adventure', 'Family', 'Fantasy']",6.3,493311825

Clash of the Titans,(2010),106,"['Action', 'Adventure', 'Fantasy']",5.8,493214993

Maleficent: Mistress of Evil,(2019),119,"['Adventure', 'Family', 'Fantasy']",6.6,491730089

War for the Planet of the Apes,(2017),140,"['Action', 'Adventure', 'Drama']",7.4,490719763

Shrek,(2001),90,"['Animation', 'Adventure', 'Comedy']",7.9,488351320

Mr. & Mrs. Smith,(2005),120,"['Action', 'Comedy', 'Crime']",6.5,487287646

Angels & Demons,(2009),138,"['Action', 'Mystery', 'Thriller']",6.7,485930816

Teenage Mutant Ninja Turtles,(2014),101,"['Action', 'Adventure', 'Comedy']",5.8,485004754

Bruce Almighty,(2003),101,"['Comedy', 'Fantasy']",6.8,484592874

Rio,(2011),96,"['Animation', 'Adventure', 'Comedy']",6.9,483866772

Saving Private Ryan,(1998),169,"['Drama', 'War']",8.6,482349603

Rise of the Planet of the Apes,(2011),105,"['Action', 'Drama', 'Sci-Fi']",7.6,481800873

Home Alone,(1990),103,"['Comedy', 'Family']",7.7,476684675

Jaws,(1975),124,"['Adventure', 'Mystery', 'Thriller']",8.1,476512065

Hotel Transylvania 2,(2015),89,"['Animation', 'Adventure', 'Comedy']",6.6,475186706

Star Wars: Episode VI - Return of the Jedi,(1983),131,"['Action', 'Adventure', 'Fantasy']",8.3,475106177

Charlie and the Chocolate Factory,(2005),115,"['Adventure', 'Comedy', 'Family']",6.7,474968763

Indiana Jones and the Last Crusade,(1989),127,"['Action', 'Adventure']",8.2,474171806

San Andreas,(2015),114,"['Action', 'Adventure', 'Thriller']",6.1,474009154

It Chapter Two,(2019),169,"['Drama', 'Fantasy', 'Horror']",6.5,473122525

La La Land,(2016),128,"['Comedy', 'Drama', 'Music']",8,472013241

Wreck-It Ralph,(2012),101,"['Animation', 'Adventure', 'Comedy']",7.7,471222889

Godzilla vs. Kong,(2021),113,"['Action', 'Sci-Fi', 'Thriller']",6.3,470116094

The Hangover,(2009),100,['Comedy'],7.7,469328079

Lucy,(I) (2014),89,"['Action', 'Sci-Fi', 'Thriller']",6.4,469058574

The Lego Movie,(2014),100,"['Animation', 'Action', 'Adventure']",7.7,468266122

Bumblebee,(I) (2018),114,"['Action', 'Adventure', 'Sci-Fi']",6.7,467989645

Star Trek Into Darkness,(2013),132,"['Action', 'Adventure', 'Sci-Fi']",7.7,467365246

The Matrix,(1999),136,"['Action', 'Sci-Fi']",8.7,467222728

Pretty Woman,(1990),119,"['Comedy', 'Romance']",7.1,463406268

Cars,(2006),117,"['Animation', 'Adventure', 'Comedy']",7.2,461991867

Ba bai,(2020),149,"['Action', 'Drama', 'History']",6.7,461421559

X-Men: The Last Stand,(2006),104,"['Action', 'Adventure', 'Sci-Fi']",6.6,460435291

Du xing yue qiu,(2022),122,"['Comedy', 'Sci-Fi']",6.4,460237662

National Treasure: Book of Secrets,(2007),124,"['Action', 'Adventure', 'Mystery']",6.5,459242249

Mission: Impossible,(1996),110,"['Action', 'Adventure', 'Thriller']",7.1,457696391

300,(2006),117,"['Action', 'Drama']",7.6,456082343

The Last Samurai,(2003),154,"['Action', 'Drama']",7.8,454627263

Kimetsu no Yaiba: Mugen Ressha-Hen,(2020),117,"['Animation', 'Action', 'Adventure']",8.2,453210959

Wo bu shi yao shen,(2018),117,"['Comedy', 'Drama']",7.8,451183391

Ocean's Eleven,(2001),116,"['Crime', 'Thriller']",7.7,450717150

Wo he wo de zu guo,(2019),154,"['Drama', 'History']",6.3,450064993

Thor,(2011),115,"['Action', 'Fantasy']",7,449326618

Pearl Harbor,(2001),183,"['Action', 'Drama', 'History']",6.2,449220945

Tarzan,(1999),88,"['Animation', 'Adventure', 'Comedy']",7.3,448191819

Men in Black II,(2002),88,"['Action', 'Adventure', 'Comedy']",6.2,445135288

The Bourne Ultimatum,(2007),115,"['Action', 'Mystery', 'Thriller']",8,444100035

The Mummy Returns,(2001),130,"['Action', 'Adventure', 'Fantasy']",6.4,443280904

Alvin and the Chipmunks: The Squeakquel,(2009),88,"['Animation', 'Adventure', 'Comedy']",4.5,443140005

Les Misérables,(2012),158,"['Drama', 'Musical', 'Romance']",7.5,442299309

The Exorcist,(1973),122,['Horror'],8.1,441306145

Mrs. Doubtfire,(1993),125,"['Comedy', 'Drama']",7.1,441286195

Terminator Genisys,(2015),126,"['Action', 'Adventure', 'Sci-Fi']",6.3,440603537

Warcraft,(2016),123,"['Action', 'Adventure', 'Fantasy']",6.7,439048914

A Star Is Born,(2018),136,"['Drama', 'Music', 'Romance']",7.6,436233122

The Greatest Showman,(2017),105,"['Biography', 'Drama', 'Musical']",7.5,435732529

Terminator 3: Rise of the Machines,(2003),109,"['Action', 'Sci-Fi']",6.3,433371112

Pokémon: Detective Pikachu,(2019),104,"['Action', 'Adventure', 'Comedy']",6.5,433230304

Shang-Chi and the Legend of the Ten Rings,(2021),132,"['Action', 'Adventure', 'Fantasy']",7.4,432243292

Die Another Day,(2002),133,"['Action', 'Adventure', 'Thriller']",6.1,431971116

The Secret Life of Pets 2,(2019),86,"['Animation', 'Adventure', 'Comedy']",6.4,431058415

Cast Away,(2000),143,"['Adventure', 'Drama', 'Romance']",7.8,429632142

Rampage,(2018),107,"['Action', 'Adventure', 'Sci-Fi']",6.1,428028233

The King's Speech,(2010),118,"['Biography', 'Drama', 'History']",8,427374317

The Matrix Revolutions,(2003),129,"['Action', 'Sci-Fi']",6.7,427344325

The Intouchables,(2011),112,"['Biography', 'Comedy', 'Drama']",8.5,426588510

Bad Boys for Life,(2020),124,"['Action', 'Comedy', 'Crime']",6.5,426505244

Django Unchained,(2012),165,"['Drama', 'Western']",8.4,426074373

Beauty and the Beast,(1991),84,"['Animation', 'Family', 'Fantasy']",8,424967620

Dances with Wolves,(1990),181,"['Adventure', 'Drama', 'Western']",8,424208848

Wo he wo de jia xiang,(2020),153,['Drama'],6.4,422390820

The Chronicles of Narnia: Prince Caspian,(2008),150,"['Action', 'Adventure', 'Family']",6.5,419665568

Sex and the City,(2008),145,"['Comedy', 'Drama', 'Romance']",5.7,418765519

Zhong guo ji zhang,(2019),111,"['Action', 'Adventure', 'Drama']",6.2,417282021

The Mummy,(1999),124,"['Action', 'Adventure', 'Fantasy']",7.1,415933406

The Chronicles of Narnia: The Voyage of the Dawn Treader,(2010),113,"['Adventure', 'Family', 'Fantasy']",6.3,415686217

Jason Bourne,(I) (2016),123,"['Action', 'Thriller']",6.6,415484914

Mad Max: Fury Road,(2015),120,"['Action', 'Adventure', 'Sci-Fi']",8.1,415261382

The Wolverine,(2013),126,"['Action', 'Sci-Fi']",6.7,414828246

Kingsman: The Secret Service,(2014),129,"['Action', 'Adventure', 'Comedy']",7.7,414351546

Night at the Museum: Battle of the Smithsonian,(2009),105,"['Adventure', 'Comedy', 'Family']",6,413106170

Batman,(1989),126,"['Action', 'Adventure']",7.5,411569241

The Bodyguard,(1992),129,"['Action', 'Drama', 'Music']",6.3,411046449

Pacific Rim,(2013),131,"['Action', 'Adventure', 'Sci-Fi']",6.9,411002906

Kingsman: The Golden Circle,(2017),141,"['Action', 'Adventure', 'Comedy']",6.7,410902662

The Mummy,(2017),110,"['Action', 'Adventure', 'Fantasy']",5.4,409231607

Ice Age: Collision Course,(2016),94,"['Animation', 'Adventure', 'Comedy']",5.6,408754975

Twilight,(I) (2008),122,"['Drama', 'Fantasy', 'Romance']",5.3,408430415

Signs,(2002),106,"['Drama', 'Mystery', 'Sci-Fi']",6.8,408247917

X2,(2003),134,"['Action', 'Sci-Fi', 'Thriller']",7.4,407711549

Sing 2,(2021),110,"['Animation', 'Adventure', 'Comedy']",7.4,407562651

Fantastic Beasts: The Secrets of Dumbledore,(2022),142,"['Adventure', 'Family', 'Fantasy']",6.2,406950844

The Wolf of Wall Street,(2013),180,"['Biography', 'Comedy', 'Crime']",8.2,406878233

Alita: Battle Angel,(2019),122,"['Action', 'Adventure', 'Sci-Fi']",7.3,404980543

The Mummy: Tomb of the Dragon Emperor,(2008),112,"['Action', 'Adventure', 'Fantasy']",5.2,403449830

Prometheus,(I) (2012),124,"['Adventure', 'Mystery', 'Sci-Fi']",7,403354469

Sonic the Hedgehog 2,(2022),122,"['Action', 'Adventure', 'Comedy']",6.5,402656846

Gone with the Wind,(1939),238,"['Drama', 'Romance', 'War']",8.2,402382193

Mamma Mia! Here We Go Again,(2018),114,"['Comedy', 'Musical', 'Romance']",6.6,402264843

Eternals,(2021),156,"['Action', 'Adventure', 'Fantasy']",6.3,402064899

Dune: Part One,(2021),155,"['Action', 'Adventure', 'Drama']",8,402027830

Uncharted,(2022),116,"['Action', 'Adventure']",6.3,401748820

Tron,(2010),125,"['Action', 'Adventure', 'Sci-Fi']",6.8,400063852

Mission: Impossible III,(2006),126,"['Action', 'Adventure', 'Thriller']",6.9,398479497

Snow White and the Huntsman,(2012),127,"['Action', 'Adventure', 'Drama']",6.1,396592829

Grease,(1978),110,"['Comedy', 'Musical', 'Romance']",7.2,396271103

Toy Story,(1995),81,"['Animation', 'Adventure', 'Comedy']",8.3,394436586

Solo: A Star Wars Story,(2018),135,"['Action', 'Adventure', 'Sci-Fi']",6.9,392924807

Black Adam,(2022),125,"['Action', 'Adventure', 'Fantasy']",6.3,392913058

Superman Returns,(2006),154,"['Action', 'Adventure', 'Sci-Fi']",6.1,391081192

Robin Hood: Prince of Thieves,(1991),143,"['Action', 'Adventure', 'Drama']",6.9,390493908

Raiders of the Lost Ark,(1981),115,"['Action', 'Adventure']",8.4,389925971

Independence Day: Resurgence,(2016),120,"['Action', 'Adventure', 'Sci-Fi']",5.2,389681935

Live Free or Die Hard,(2007),128,"['Action', 'Thriller']",7.1,388156011

Zhuo yao ji,(2015),117,"['Adventure', 'Comedy', 'Fantasy']",6.1,387053506

Godzilla: King of the Monsters,(2019),132,"['Action', 'Adventure', 'Fantasy']",6,386600138

Home,(II) (2015),94,"['Animation', 'Adventure', 'Comedy']",6.5,386041607

Star Trek,(2009),127,"['Action', 'Adventure', 'Sci-Fi']",7.9,385680446

1917,(2019),119,"['Action', 'Drama', 'War']",8.2,384577421

Happy Feet,(2006),108,"['Animation', 'Adventure', 'Comedy']",6.4,384336108

Spider-Man: Into the Spider-Verse,(2018),117,"['Animation', 'Action', 'Adventure']",8.4,384256930

Cars 3,(2017),102,"['Animation', 'Adventure', 'Comedy']",6.7,383930656

Back to the Future,(1985),116,"['Adventure', 'Comedy', 'Sci-Fi']",8.5,383336762

Ice Age,(2002),81,"['Animation', 'Adventure', 'Comedy']",7.5,383257136

Kimi no na wa.,(2016),106,"['Animation', 'Drama', 'Fantasy']",8.4,382238181

Fifty Shades Darker,(2017),118,"['Drama', 'Romance', 'Thriller']",4.6,381545846

Monsters vs. Aliens,(2009),94,"['Animation', 'Action', 'Adventure']",6.4,381509870

Black Widow,(2021),134,"['Action', 'Adventure', 'Sci-Fi']",6.7,379751655

Godzilla,(I) (1998),139,"['Action', 'Sci-Fi', 'Thriller']",5.4,379014294

True Lies,(1994),141,"['Action', 'Comedy', 'Thriller']",7.3,378882411

Slumdog Millionaire,(2008),120,"['Crime', 'Drama', 'Romance']",8,378410542

Once Upon a Time in... Hollywood,(2019),161,"['Comedy', 'Drama']",7.6,377617598

Taken 2,(2012),92,"['Action', 'Crime', 'Thriller']",6.2,376152455

G.I. Joe: Retaliation,(2013),110,"['Action', 'Adventure', 'Sci-Fi']",5.7,375740705

Shark Tale,(2004),90,"['Animation', 'Adventure', 'Comedy']",6,374583879

What Women Want,(2000),127,"['Comedy', 'Fantasy', 'Romance']",6.4,374111707

The Adventures of Tintin,(2011),107,"['Animation', 'Action', 'Adventure']",7.3,373993951

Batman Begins,(2005),140,"['Action', 'Crime', 'Drama']",8.2,373672993

Penguins of Madagascar,(2014),92,"['Animation', 'Action', 'Adventure']",6.6,373515621

X-Men Origins: Wolverine,(2009),107,"['Action', 'Sci-Fi']",6.5,373062864

The Golden Compass,(2007),113,"['Adventure', 'Family', 'Fantasy']",6.1,372234864

Fifty Shades Freed,(2018),105,"['Drama', 'Romance', 'Thriller']",4.5,371985018

Hitch,(I) (2005),118,"['Comedy', 'Romance']",6.6,371594210

Terminator Salvation,(2009),115,"['Action', 'Adventure', 'Sci-Fi']",6.5,371353001

Captain America: The First Avenger,(2011),124,"['Action', 'Adventure', 'Sci-Fi']",6.9,370569774

Edge of Tomorrow,(2014),113,"['Action', 'Adventure', 'Sci-Fi']",7.9,370541256

There's Something About Mary,(1998),119,"['Comedy', 'Romance']",7.1,369884651

Gone Girl,(2014),149,"['Drama', 'Mystery', 'Thriller']",8.1,369330363

The Fugitive,(1993),130,"['Action', 'Crime', 'Drama']",7.8,368875760

Jurassic Park III,(2001),92,"['Action', 'Adventure', 'Sci-Fi']",5.9,368780809

My Big Fat Greek Wedding,(2002),95,"['Comedy', 'Drama', 'Romance']",6.6,368744044

Xi hong shi shou fu,(2018),118,['Comedy'],6.1,366961907

Die Hard with a Vengeance,(1995),128,"['Action', 'Adventure', 'Thriller']",7.6,366101666

Shazam!,(2019),132,"['Action', 'Adventure', 'Comedy']",7,366080049

The Nun,(2018),96,"['Horror', 'Mystery', 'Thriller']",5.3,365582797

Alvin and the Chipmunks,(2007),92,"['Animation', 'Adventure', 'Comedy']",5.2,365352546

Tenet,(2020),150,"['Action', 'Sci-Fi', 'Thriller']",7.3,365304105

Notting Hill,(1999),124,"['Comedy', 'Drama', 'Romance']",7.2,363889678

A Bug's Life,(1998),95,"['Animation', 'Adventure', 'Comedy']",7.2,363258859

Night at the Museum: Secret of the Tomb,(2014),98,"['Adventure', 'Comedy', 'Family']",6.2,363204635

Ocean's Twelve,(2004),125,"['Crime', 'Thriller']",6.5,362744280

Planet of the Apes,(2001),119,"['Action', 'Adventure', 'Sci-Fi']",5.7,362211740

The Hangover Part III,(2013),100,"['Comedy', 'Crime']",5.8,362000072

The World Is Not Enough,(1999),128,"['Action', 'Adventure', 'Thriller']",6.4,361832400

Zhuo yao ji 2,(2018),110,"['Adventure', 'Comedy', 'Fantasy']",5.4,361682618

Fast & Furious,(2009),107,"['Action', 'Crime', 'Thriller']",6.5,360366870

Noah,(2014),138,"['Action', 'Adventure', 'Drama']",5.8,359200044

The Karate Kid,(2010),140,"['Action', 'Drama', 'Family']",6.2,359126022

Home Alone 2: Lost in New York,(1992),120,"['Adventure', 'Comedy', 'Crime']",6.8,358994850

Hotel Transylvania,(2012),91,"['Animation', 'Adventure', 'Comedy']",7,358375603

Minority Report,(2002),145,"['Action', 'Crime', 'Mystery']",7.6,358372926

Top Gun,(1986),109,"['Action', 'Drama']",6.9,357288178

The Legend of Tarzan,(2016),110,"['Action', 'Adventure', 'Drama']",6.2,356700357

American Beauty,(1999),122,['Drama'],8.3,356296601

Sen to Chihiro no kamikakushi,(2001),125,"['Animation', 'Adventure', 'Family']",8.6,355822319

Apollo 13,(I) (1995),140,"['Adventure', 'Drama', 'History']",7.7,355237933

Rain Man,(1988),133,['Drama'],8,354825435

The Great Gatsby,(2013),143,"['Drama', 'Romance']",7.2,353659851

Dumbo,(2019),112,"['Adventure', 'Family', 'Fantasy']",6.3,353284621

"I, Robot",(2004),115,"['Action', 'Mystery', 'Sci-Fi']",7.1,353133898

Basic Instinct,(1992),127,"['Drama', 'Mystery', 'Thriller']",7,352927224

Murder on the Orient Express,(2017),114,"['Crime', 'Drama', 'Mystery']",6.5,352794081

X: First Class,(2011),131,"['Action', 'Sci-Fi']",7.7,352616690

Angry Birds,(2016),97,"['Animation', 'Action', 'Adventure']",6.3,352333929

GoldenEye,(1995),130,"['Action', 'Adventure', 'Thriller']",7.2,352194034

Catch Me If You Can,(2002),141,"['Biography', 'Crime', 'Drama']",8.1,352114312

Now You See Me,(I) (2013),115,"['Crime', 'Mystery', 'Thriller']",7.2,351723989

Hannibal,(2001),131,"['Crime', 'Drama', 'Thriller']",6.8,351692268

The Mask,(1994),101,"['Action', 'Comedy', 'Crime']",6.9,351583407

Peter Rabbit,(2018),95,"['Adventure', 'Comedy', 'Crime']",6.6,351496066

Speed,(1994),116,"['Action', 'Adventure', 'Thriller']",7.3,350448145

Dinosaur,(2000),82,"['Animation', 'Adventure', 'Drama']",6.4,349822765

Mary Poppins Returns,(2018),130,"['Adventure', 'Comedy', 'Family']",6.7,349546142

Deep Impact,(1998),120,"['Action', 'Drama', 'Sci-Fi']",6.2,349464664

The Lorax,(2012),86,"['Animation', 'Adventure', 'Comedy']",6.4,349183316

The Maze Runner,(2014),113,"['Action', 'Mystery', 'Sci-Fi']",6.8,348319861

The Smurfs 2,(2013),105,"['Animation', 'Adventure', 'Comedy']",5.3,347545360

National Treasure,(2004),131,"['Action', 'Adventure', 'Mystery']",6.9,347512318

Rush Hour 2,(2001),90,"['Action', 'Comedy', 'Crime']",6.6,347325802

Trolls,(2016),92,"['Animation', 'Adventure', 'Comedy']",6.4,347182886

xXx: Return of Xander Cage,(2017),107,"['Action', 'Adventure', 'Thriller']",5.2,346118277

Pocahontas,(I) (1995),81,"['Animation', 'Adventure', 'Drama']",6.7,346079773

How the Grinch Stole Christmas,(2000),104,"['Comedy', 'Family', 'Fantasy']",6.3,345823032

Star Trek Beyond,(2016),122,"['Action', 'Adventure', 'Sci-Fi']",7,343471816

Alvin and the Chipmunks: Chipwrecked,(2011),87,"['Animation', 'Adventure', 'Comedy']",4.3,342695435

Wanted,(2008),110,"['Action', 'Crime', 'Thriller']",6.7,342463063

The Flintstones,(1994),91,"['Comedy', 'Family', 'Fantasy']",5,341631208

A Quiet Place,(2018),90,"['Drama', 'Horror', 'Sci-Fi']",7.5,340952971

Enchanted,(2007),107,"['Animation', 'Adventure', 'Comedy']",7.1,340487836

Over the Hedge,(2006),83,"['Animation', 'Adventure', 'Comedy']",6.7,339795890

300: Rise of an Empire,(2014),102,"['Action', 'Drama']",6.2,337580051

Batman Forever,(1995),121,"['Action', 'Adventure']",5.4,336567158

Prince of Persia: The Sands of Time,(2010),116,"['Action', 'Adventure', 'Fantasy']",6.6,336365676

The Curious Case of Benjamin Button,(2008),166,"['Drama', 'Fantasy', 'Romance']",7.8,335802786

Journey 2: The Mysterious Island,(2012),94,"['Action', 'Adventure', 'Comedy']",5.7,335287748

The Rock,(1996),136,"['Action', 'Adventure', 'Thriller']",7.4,335062621

The Great Wall,(I) (2016),103,"['Action', 'Adventure', 'Fantasy']",5.9,334933831

Now You See Me 2,(2016),129,"['Action', 'Adventure', 'Comedy']",6.4,334897606

Xiu xiu de tie quan,(2017),100,"['Comedy', 'Fantasy', 'Sport']",6.2,334530869

Fantastic Four,(I) (2005),106,"['Action', 'Adventure', 'Fantasy']",5.7,333535934

Indiana Jones and the Temple of Doom,(1984),118,"['Action', 'Adventure']",7.5,333107271

Tomorrow Never Dies,(1997),119,"['Action', 'Adventure', 'Thriller']",6.5,333011068

Back to the Future Part II,(1989),108,"['Adventure', 'Comedy', 'Sci-Fi']",7.8,332500002

The Good Dinosaur,(2015),93,"['Animation', 'Adventure', 'Comedy']",6.7,332207671

Free Guy,(2021),115,"['Action', 'Adventure', 'Comedy']",7.1,331526598

22 Jump Street,(2014),112,"['Action', 'Comedy', 'Crime']",7,331333876

Meet the Parents,(2000),108,"['Comedy', 'Romance']",7,330444045

Who Framed Roger Rabbit,(1988),104,"['Animation', 'Adventure', 'Comedy']",7.7,329803958

Black Swan,(2010),108,"['Drama', 'Thriller']",8,329398046

The Perfect Storm,(2000),130,"['Action', 'Adventure', 'Drama']",6.5,328718434

John Wick: Chapter 3 - Parabellum,(2019),130,"['Action', 'Crime', 'Thriller']",7.4,328349387

Crocodile Dundee,(1986),97,"['Action', 'Adventure', 'Comedy']",6.6,328203506

Feng kuang de wai xing ren,(2019),116,"['Comedy', 'Sci-Fi']",5.8,327598891

Se7en,(1995),127,"['Crime', 'Drama', 'Mystery']",8.6,327333559

The Devil Wears Prada,(2006),109,"['Comedy', 'Drama']",6.9,326706115

Taken 3,(2014),108,"['Action', 'Crime', 'Thriller']",6,326479141

The Hunchback of Notre Dame,(1996),91,"['Animation', 'Drama', 'Family']",7,325338851

A Christmas Carol,(2009),96,"['Animation', 'Adventure', 'Comedy']",6.8,325286646

The SpongeBob Movie: Sponge Out of Water,(2015),92,"['Animation', 'Adventure', 'Comedy']",6,325186032

Schindler's List,(1993),195,"['Biography', 'Drama', 'History']",9,322161245

Megamind,(2010),95,"['Animation', 'Action', 'Comedy']",7.3,321885765

The Conjuring 2,(2016),134,"['Horror', 'Mystery', 'Thriller']",7.3,321834351

Green Book,(2018),130,"['Biography', 'Comedy', 'Drama']",8.2,321752656

Lethal Weapon 3,(1992),118,"['Action', 'Crime', 'Thriller']",6.7,321731527

Robin Hood,(2010),140,"['Action', 'Adventure', 'Drama']",6.6,321669741

Inglourious Basterds,(2009),153,"['Adventure', 'Drama', 'War']",8.3,321457747

101 Dalmatians,(1996),103,"['Adventure', 'Comedy', 'Crime']",5.7,320689294

The Conjuring,(2013),112,"['Horror', 'Mystery', 'Thriller']",7.5,320406242

Fatal Attraction,(1987),119,"['Drama', 'Thriller']",6.9,320145693

Sonic the Hedgehog,(2020),99,"['Action', 'Adventure', 'Comedy']",6.5,319715683

The Last Airbender,(2010),103,"['Action', 'Adventure', 'Family']",4,319713881

The Proposal,(I) (2009),108,"['Comedy', 'Drama', 'Romance']",6.7,317375031

The Polar Express,(2004),100,"['Animation', 'Adventure', 'Comedy']",6.6,316897787

A Beautiful Mind,(2001),135,"['Biography', 'Drama']",8.2,316791257

Beverly Hills Cop,(1984),105,"['Action', 'Comedy', 'Crime']",7.3,316360478

Air Force One,(1997),124,"['Action', 'Drama', 'Thriller']",6.5,315156409

Wonder,(I) (2017),113,"['Drama', 'Family']",7.9,315025930

The Expendables 2,(2012),103,"['Action', 'Adventure', 'Thriller']",6.6,314975955

Chicken Little,(2005),81,"['Animation', 'Adventure', 'Comedy']",5.7,314432837

As Good as It Gets,(1997),139,"['Comedy', 'Drama', 'Romance']",7.7,314178011

Knives Out,(2019),130,"['Comedy', 'Crime', 'Drama']",7.9,312897920

Maze Runner: The Scorch Trials,(2015),131,"['Action', 'Adventure', 'Sci-Fi']",6.3,312296056

Resident Evil: The Final Chapter,(2016),107,"['Action', 'Horror', 'Sci-Fi']",5.5,312242626

The Lego Batman Movie,(2017),104,"['Animation', 'Action', 'Adventure']",7.3,312136671

Austin Powers: The Spy Who Shagged Me,(1999),95,"['Action', 'Adventure', 'Comedy']",6.6,312016928

Ocean's Thirteen,(2007),122,"['Crime', 'Thriller']",6.9,311312624

Little Fockers,(2010),98,"['Comedy', 'Romance']",5.5,310650585

Bolt,(2008),96,"['Animation', 'Adventure', 'Comedy']",6.8,309979994

Ransom,(1996),121,"['Action', 'Crime', 'Thriller']",6.7,309492681

Runaway Bride,(1999),116,"['Comedy', 'Romance']",5.6,309460292

The Blind Side,(2009),129,"['Biography', 'Drama', 'Sport']",7.6,309231694

Qian ren 3: Zai jian qian ren,(2017),120,"['Comedy', 'Romance']",5.6,307592427

The Fault in Our Stars,(2014),126,"['Drama', 'Romance']",7.7,307166834

The Pursuit of Happyness,(2006),117,"['Biography', 'Drama']",8,307127625

Rise of the Guardians,(2012),97,"['Animation', 'Action', 'Adventure']",7.2,306941670

Close Encounters of the Third Kind,(1977),138,"['Drama', 'Sci-Fi']",7.6,306889114

Chicago,(2002),113,"['Comedy', 'Crime', 'Musical']",7.2,306776732

Annabelle: Creation,(2017),109,"['Horror', 'Mystery', 'Thriller']",6.5,306515884

Bridesmaids,(I) (2011),125,"['Comedy', 'Romance']",6.8,306442085

Skyscraper,(2018),102,"['Action', 'Adventure', 'Thriller']",5.8,304868961

A Good Day to Die Hard,(2013),98,"['Action', 'Thriller']",5.2,304654182

Mulan,(1998),87,"['Animation', 'Adventure', 'Comedy']",7.6,304320254

Dangal,(2016),161,"['Action', 'Biography', 'Drama']",8.3,303723636

Passengers,(I) (2016),116,"['Drama', 'Romance', 'Sci-Fi']",7,303144152

Battleship,(2012),131,"['Action', 'Adventure', 'Sci-Fi']",5.8,303025485

Liar Liar,(1997),86,"['Comedy', 'Fantasy']",6.9,302710615

G.I. Joe: The Rise of Cobra,(2009),118,"['Action', 'Adventure', 'Sci-Fi']",5.7,302469017

Wrath of the Titans,(2012),99,"['Action', 'Adventure', 'Fantasy']",5.7,301970083

4: Rise of the Silver Surfer,(2007),92,"['Action', 'Adventure', 'Fantasy']",5.6,301913131

Hook,(1991),142,"['Adventure', 'Comedy', 'Family']",6.8,300854823

Superman,(1978),143,"['Action', 'Adventure', 'Sci-Fi']",7.4,300478449

Rocky IV,(1985),91,"['Drama', 'Sport']",6.9,300473716

Rambo: First Blood Part II,(1985),96,"['Action', 'Adventure', 'Thriller']",6.5,300400432

Resident Evil: Afterlife,(2010),96,"['Action', 'Horror', 'Sci-Fi']",5.8,300228084

Van Helsing,(2004),131,"['Action', 'Adventure', 'Fantasy']",6,300157638

Stuart Little,(1999),84,"['Adventure', 'Comedy', 'Family']",6,300135367

Beverly Hills Cop II,(1987),100,"['Action', 'Comedy', 'Crime']",6.5,299965036

Alice Through the Looking Glass,(2016),113,"['Adventure', 'Family', 'Fantasy']",6.2,299820798

My Best Friend's Wedding,(1997),105,"['Comedy', 'Drama', 'Romance']",6.3,299288605

Real Steel,(2011),127,"['Action', 'Drama', 'Sci-Fi']",7,299268508

Horton Hears a Who!,(2008),86,"['Animation', 'Adventure', 'Comedy']",6.8,298572799

Ocean's Eight,(2018),110,"['Action', 'Comedy', 'Crime']",6.3,297795726

A Quiet Place Part II,(2020),97,"['Drama', 'Horror', 'Sci-Fi']",7.2,297372261

Insurgent,(2015),119,"['Action', 'Adventure', 'Sci-Fi']",6.2,297002527

Look Who's Talking,(1989),93,['Comedy'],5.9,296999813

Austin Powers in Goldmember,(2002),94,"['Action', 'Adventure', 'Comedy']",6.2,296938801

Ghostbusters,(1984),105,"['Action', 'Comedy', 'Fantasy']",7.8,296578797

Miss Peregrine's Home for Peculiar Children,(2016),127,"['Adventure', 'Drama', 'Family']",6.7,296482446

X-Men,(2000),104,"['Action', 'Adventure', 'Sci-Fi']",7.3,296339528

Ferdinand,(2017),108,"['Animation', 'Adventure', 'Comedy']",6.7,296069199

Shutter Island,(2010),138,"['Mystery', 'Thriller']",8.2,294805697

Doctor Dolittle,(1998),85,"['Comedy', 'Family', 'Fantasy']",5.4,294456605

Bee Movie,(2007),91,"['Animation', 'Adventure', 'Comedy']",6.1,293514336

Salt,(2010),100,"['Action', 'Thriller']",6.4,293503354

G-Force,(2009),88,"['Animation', 'Action', 'Adventure']",5.1,292817898

The Departed,(2006),151,"['Crime', 'Drama', 'Thriller']",8.5,291480452

What Lies Beneath,(2000),130,"['Drama', 'Horror', 'Mystery']",6.6,291420351

Pacific Rim: Uprising,(2018),111,"['Action', 'Adventure', 'Fantasy']",5.6,290930148

The Bourne Supremacy,(2004),108,"['Action', 'Mystery', 'Thriller']",7.7,290835269

Sex and the City 2,(2010),146,"['Comedy', 'Drama', 'Romance']",4.5,290745055

Shakespeare in Love,(1998),123,"['Comedy', 'Drama', 'History']",7.1,289317794

Divergent,(2014),139,"['Action', 'Adventure', 'Mystery']",6.6,288885818

Coming to America,(1988),117,"['Comedy', 'Romance']",7.1,288752301

Wedding Crashers,(2005),119,"['Comedy', 'Romance']",7,288485135

Maze Runner: The Death Cure,(2018),143,"['Action', 'Adventure', 'Sci-Fi']",6.2,288175335

Casper,(1995),100,"['Comedy', 'Family', 'Fantasy']",6.1,287928194

American Pie 2,(2001),108,['Comedy'],6.4,287553595

Elvis,(2022),159,"['Biography', 'Drama', 'Music']",7.3,287340048

Pitch Perfect 2,(2015),115,"['Comedy', 'Music']",6.4,287144079

The Green Mile,(1999),189,"['Crime', 'Drama', 'Fantasy']",8.6,286801374

Oblivion,(I) (2013),124,"['Action', 'Adventure', 'Sci-Fi']",7,286168572

Elysium,(I) (2013),109,"['Action', 'Drama', 'Sci-Fi']",6.6,286140700

Lethal Weapon 4,(1998),127,"['Action', 'Crime', 'Thriller']",6.6,285444603

John Carter,(2012),132,"['Action', 'Adventure', 'Sci-Fi']",6.6,284139100

Turbo,(2013),96,"['Animation', 'Adventure', 'Comedy']",6.4,282570682

Paddington,(2014),95,"['Adventure', 'Comedy', 'Family']",7.3,282377683

Bridget Jones's Diary,(2001),97,"['Comedy', 'Drama', 'Romance']",6.8,281995610

The Tourist,(I) (2010),103,"['Action', 'Thriller']",6,278780441

Split,(IX) (2016),117,"['Horror', 'Thriller']",7.3,278454417

Scary Movie,(2000),88,['Comedy'],6.2,278019771

xXx,(2002),124,"['Action', 'Adventure', 'Thriller']",5.8,277448382

The Bourne Legacy,(2012),135,"['Action', 'Adventure', 'Thriller']",6.6,276144750

Mr. Peabody & Sherman,(2014),92,"['Animation', 'Adventure', 'Comedy']",6.8,275698039

Scooby-Doo,(2002),89,"['Adventure', 'Comedy', 'Family']",5.2,275678613

Lincoln,(2012),150,"['Biography', 'Drama', 'History']",7.3,275293450

Lara Croft: Tomb Raider,(2001),100,"['Action', 'Adventure', 'Fantasy']",5.7,274703340

Tomb Raider,(2018),119,"['Action', 'Adventure', 'Fantasy']",6.3,274650803

The Expendables,(2010),103,"['Action', 'Adventure', 'Thriller']",6.4,274470394

Cloudy with a Chance of Meatballs 2,(2013),95,"['Animation', 'Adventure', 'Comedy']",6.3,274325949

The Nutty Professor,(1996),95,"['Comedy', 'Romance', 'Sci-Fi']",5.7,273961019

Jerry Maguire,(1996),139,"['Comedy', 'Drama', 'Romance']",7.3,273552592

Bad Boys II,(2003),147,"['Action', 'Comedy', 'Crime']",6.6,273339556

Lilo & Stitch,(2002),85,"['Animation', 'Adventure', 'Comedy']",7.3,273144151

The Silence of the Lambs,(1991),118,"['Crime', 'Drama', 'Thriller']",8.6,272742922

Grown Ups,(I) (2010),102,['Comedy'],5.9,271457301

Neighbors,(I) (2014),97,['Comedy'],6.3,270665134

The Firm,(1993),154,"['Drama', 'Mystery', 'Thriller']",6.8,270248367

We're the Millers,(2013),110,"['Comedy', 'Crime']",7,269994119

Gran Torino,(2008),116,['Drama'],8.1,269958228

"10,000 BC",(2008),109,"['Action', 'Adventure', 'Drama']",5.1,269784201

American Gangster,(2007),157,"['Biography', 'Crime', 'Drama']",7.8,269755430

Epic,(2013),102,"['Animation', 'Action', 'Adventure']",6.6,268426634

Exodus: Gods and Kings,(2014),150,"['Action', 'Adventure', 'Drama']",6,268175631

Blade Runner 2049,(2017),164,"['Action', 'Drama', 'Mystery']",8,267770708

Bambi,(1942),69,"['Animation', 'Adventure', 'Drama']",7.3,267447150

The Princess and the Frog,(2009),97,"['Animation', 'Adventure', 'Comedy']",7.1,267045765

Batman Returns,(1992),126,"['Action', 'Crime', 'Fantasy']",7.1,266915287

Indecent Proposal,(1993),117,"['Drama', 'Romance']",6,266614059

Something's Gotta Give,(2003),128,"['Comedy', 'Drama', 'Romance']",6.7,265328738

Bridget Jones: The Edge of Reason,(2004),108,"['Comedy', 'Drama', 'Romance']",6,265126918

The Incredible Hulk,(2008),112,"['Action', 'Adventure', 'Sci-Fi']",6.6,264770996

Waterworld,(1995),135,"['Action', 'Adventure', 'Sci-Fi']",6.3,264218220

The Truman Show,(1998),103,"['Comedy', 'Drama']",8.2,264118201

Charlie's Angels,(2000),98,"['Action', 'Adventure', 'Comedy']",5.6,264105545

The Fifth Element,(1997),126,"['Action', 'Adventure', 'Sci-Fi']",7.6,263920180

Jumanji,(1995),104,"['Adventure', 'Comedy', 'Family']",7,262821940

Gisaengchung,(2019),132,"['Drama', 'Thriller']",8.5,262676096

Borat: Cultural Learnings of America for Make Benefit Glorious Nation of Kazakhstan,(2006),84,['Comedy'],7.4,262552893

Robots,(2005),91,"['Animation', 'Adventure', 'Comedy']",6.4,262511490

Knight and Day,(2010),109,"['Action', 'Adventure', 'Comedy']",6.3,261989769

Total Recall,(1990),113,"['Action', 'Adventure', 'Sci-Fi']",7.5,261317921

This Is It,(2009),111,"['Documentary', 'Drama', 'Music']",7.2,261183588

Terminator: Dark Fate,(2019),128,"['Action', 'Adventure', 'Sci-Fi']",6.2,261119292

The Lone Ranger,(2013),150,"['Action', 'Adventure', 'Western']",6.4,260502115

Super 8,(2011),112,"['Action', 'Mystery', 'Sci-Fi']",7,260095986

Halloween,(I) (2018),106,"['Crime', 'Horror', 'Thriller']",6.5,259939835

Xun long jue,(2015),127,"['Action', 'Adventure', 'Drama']",5.9,259368448

Charlie's Angels: Full Throttle,(2003),106,"['Action', 'Adventure', 'Comedy']",4.9,259175788

Rush Hour 3,(2007),91,"['Action', 'Comedy', 'Crime']",6.2,258097122

The Full Monty,(1997),91,"['Comedy', 'Drama']",7.2,257938649

Gong fu yu jia,(2017),107,"['Action', 'Adventure', 'Comedy']",5.1,257753889

Annabelle,(I) (2014),99,"['Horror', 'Mystery', 'Thriller']",5.4,257589721

Encanto,(2021),102,"['Animation', 'Comedy', 'Family']",7.2,256786742

The Village,(2004),108,"['Drama', 'Mystery', 'Thriller']",6.6,256697520

Gang jiong,(2015),114,"['Action', 'Adventure', 'Comedy']",5.4,256283912

Erin Brockovich,(2000),131,"['Biography', 'Drama']",7.4,256271286

Us,(II) (2019),116,"['Horror', 'Mystery', 'Thriller']",6.8,256067149

Fei chi ren sheng,(2019),98,"['Comedy', 'Sport']",6.3,255863112

Get Out,(I) (2017),104,"['Horror', 'Mystery', 'Thriller']",7.7,255745157

Marley & Me,(2008),111,"['Drama', 'Family']",7,255743093

Cliffhanger,(1993),113,"['Action', 'Adventure', 'Thriller']",6.5,255000211

Baahubali 2: The Conclusion,(2017),167,"['Action', 'Drama']",8.2,254158390

Babe,(1995),91,"['Comedy', 'Drama', 'Family']",6.9,254134910

Men in Black: International,(2019),114,"['Action', 'Adventure', 'Comedy']",5.6,253890701

Wild Hogs,(2007),100,"['Action', 'Adventure', 'Comedy']",5.8,253625427

High School Musical 3: Senior Year,(2008),112,"['Comedy', 'Drama', 'Family']",4.9,252909177

Hercules,(1997),93,"['Animation', 'Adventure', 'Comedy']",7.3,252712101

Dark Phoenix,(2019),113,"['Action', 'Adventure', 'Sci-Fi']",5.7,252442974

True Grit,(2010),110,"['Drama', 'Western']",7.6,252276927

Dolittle,(2020),101,"['Adventure', 'Comedy', 'Family']",5.6,251410631

Bean,(1997),89,"['Adventure', 'Comedy', 'Family']",6.5,251212670

American Hustle,(2013),138,"['Crime', 'Drama']",7.2,251171807

Enemy of the State,(1998),132,"['Action', 'Thriller']",7.3,250849789

You've Got Mail,(1998),119,"['Comedy', 'Drama', 'Romance']",6.7,250821495

Eragon,(2006),104,"['Action', 'Adventure', 'Family']",5.1,250425512

Brother Bear,(2003),85,"['Animation', 'Adventure', 'Comedy']",6.8,250397798

The Godfather,(1972),175,"['Crime', 'Drama']",9.2,250341816

The Mask of Zorro,(1998),136,"['Action', 'Adventure', 'Comedy']",6.8,250288523

The Bad Guys,(2022),100,"['Animation', 'Adventure', 'Comedy']",6.8,250162278

The Ring,(2002),115,"['Horror', 'Mystery']",7.1,249348933

The Blair Witch Project,(1999),81,"['Horror', 'Mystery']",6.5,248639099

Unbreakable,(2000),106,"['Drama', 'Mystery', 'Sci-Fi']",7.3,248118121

Love Actually,(2003),135,"['Comedy', 'Drama', 'Romance']",7.6,247933248

Journey to the West: Demon Chapter,(2017),109,"['Adventure', 'Comedy', 'Fantasy']",5.4,247585244

Dumb and Dumber,(1994),107,['Comedy'],7.3,247290327

Glass,(2019),129,"['Drama', 'Horror', 'Sci-Fi']",6.6,246999039

Grown Ups 2,(2013),101,['Comedy'],5.3,246984278

The Peanuts Movie,(2015),88,"['Animation', 'Adventure', 'Comedy']",7,246233113

Rango,(2011),107,"['Animation', 'Action', 'Adventure']",7.2,245724603

Four Weddings and a Funeral,(1994),117,"['Comedy', 'Drama', 'Romance']",7.1,245700832

Face/Off,(1997),138,"['Action', 'Crime', 'Sci-Fi']",7.3,245676146

Teenage Mutant Ninja Turtles: Out of the Shadows,(2016),112,"['Action', 'Adventure', 'Comedy']",5.9,245623848

Dark Shadows,(2012),113,"['Comedy', 'Fantasy', 'Horror']",6.2,245527149

Hulk,(2003),138,"['Action', 'Sci-Fi']",5.6,245285165

Lie huo ying xiong,(2019),118,"['Action', 'Drama']",5.7,245179562

Bienvenue chez les Ch'tis,(2008),106,"['Comedy', 'Romance']",7.1,245144417

Back to the Future Part III,(1990),118,"['Adventure', 'Comedy', 'Sci-Fi']",7.4,245077583

Pixels,(2015),105,"['Action', 'Comedy', 'Fantasy']",5.6,244874809

Hercules,(I) (2014),98,"['Action', 'Adventure', 'Fantasy']",6,244819862

Rush Hour,(1998),98,"['Action', 'Comedy', 'Crime']",7,244721064

Journey to the Center of the Earth,(2008),93,"['Action', 'Adventure', 'Family']",5.8,244232688

After Earth,(2013),100,"['Action', 'Adventure', 'Sci-Fi']",4.8,243611982

A Few Good Men,(1992),138,"['Drama', 'Thriller']",7.7,243240178

Cloudy with a Chance of Meatballs,(2009),90,"['Animation', 'Adventure', 'Comedy']",6.9,243006126

8 Mile,(2002),110,"['Drama', 'Music']",7.2,242875078

Daddy's Home,(2015),96,"['Comedy', 'Family']",6.1,242786137

RoboCop,(2014),117,"['Action', 'Crime', 'Sci-Fi']",6.1,242688965

Eraser,(1996),115,"['Action', 'Crime', 'Thriller']",6.2,242295562

Alien: Covenant,(2017),122,"['Horror', 'Sci-Fi', 'Thriller']",6.4,240891763

Sully,(2016),96,"['Biography', 'Drama']",7.4,240797623

Assassin's Creed,(2016),115,"['Action', 'Adventure', 'Sci-Fi']",5.6,240697856

Click,(2006),107,"['Comedy', 'Drama', 'Fantasy']",6.4,240685326

Jiang Ziya,(2020),110,"['Animation', 'Action', 'Adventure']",6.5,240646355

Planes,(2013),91,"['Animation', 'Adventure', 'Comedy']",5.7,240171783

Resident Evil: Retribution,(2012),95,"['Action', 'Horror', 'Sci-Fi']",5.3,240159255

Die Hard 2,(1990),124,"['Action', 'Thriller']",7.1,240031274

Crocodile Dundee II,(1988),108,"['Action', 'Adventure', 'Comedy']",5.7,239606210

Bullet Train,(2022),127,"['Action', 'Comedy', 'Thriller']",7.3,239268602

Crazy Rich Asians,(2018),120,"['Comedy', 'Drama', 'Romance']",6.9,238843729

Batman & Robin,(1997),125,"['Action', 'Sci-Fi']",3.7,238235719

Hauru no ugoku shiro,(2004),119,"['Animation', 'Adventure', 'Family']",8.2,237536126

Gulliver's Travels,(2010),85,"['Adventure', 'Comedy', 'Family']",4.9,237382724

Gone in Sixty Seconds,(2000),118,"['Action', 'Crime', 'Thriller']",6.5,237202299

Saturday Night Fever,(1977),118,"['Drama', 'Music']",6.8,237113184

Silver Linings Playbook,(2012),122,"['Comedy', 'Drama', 'Romance']",7.7,236412453

2 Fast 2 Furious,(2003),107,"['Action', 'Crime', 'Thriller']",5.9,236350661

Hidden Figures,(2016),127,"['Biography', 'Drama', 'History']",7.8,235956898

A.I. Artificial Intelligence,(2001),146,"['Drama', 'Sci-Fi']",7.2,235926552

Dead Poets Society,(1989),128,"['Comedy', 'Drama']",8.1,235860116

Spy,(2015),120,"['Action', 'Comedy']",7,235666219

American Pie,(1999),95,['Comedy'],7,235483004

American Reunion,(2012),113,['Comedy'],6.7,234989584

Big Daddy,(1999),93,"['Comedy', 'Drama']",6.4,234801895

Alvin and the Chipmunks: The Road Chip,(2015),92,"['Animation', 'Adventure', 'Comedy']",4.9,234798636

The Imitation Game,(2014),114,"['Biography', 'Drama', 'Thriller']",8,233555708

Cruella,(2021),134,"['Adventure', 'Comedy', 'Crime']",7.3,233503234

The Day the Earth Stood Still,(2008),104,"['Adventure', 'Drama', 'Sci-Fi']",5.5,233093859

American Wedding,(2003),96,['Comedy'],6.3,232722935

The Girl with the Dragon Tattoo,(2011),158,"['Crime', 'Drama', 'Mystery']",7.8,232617430

Juno,(2007),96,"['Comedy', 'Drama']",7.5,232372681

Argo,(2012),120,"['Biography', 'Drama', 'Thriller']",7.7,232325503

Mr. Bean's Holiday,(2007),90,"['Comedy', 'Family']",6.4,232225908

The English Patient,(1996),162,"['Drama', 'Romance', 'War']",7.4,231976425

Sister Act,(1992),100,"['Comedy', 'Family', 'Music']",6.5,231605150

Annabelle Comes Home,(2019),106,"['Horror', 'Mystery', 'Thriller']",5.9,231252591

Constantine,(2005),121,"['Action', 'Fantasy', 'Horror']",7,230884728

Get Smart,(2008),110,"['Action', 'Adventure', 'Comedy']",6.5,230685453

Space Jam,(1996),88,"['Animation', 'Adventure', 'Comedy']",6.5,230594962

La vita è bella,(1997),116,"['Comedy', 'Drama', 'Romance']",8.6,230098753

The Heat,(I) (2013),117,"['Action', 'Comedy', 'Crime']",6.6,229930771

Ghostbusters,(2016),117,"['Action', 'Comedy', 'Fantasy']",6.8,229147509

Ghost Rider,(2007),110,"['Action', 'Fantasy', 'Thriller']",5.3,228738393

Xia Luo te fan nao,(2015),104,['Comedy'],6.7,228122928

Paddington 2,(2017),103,"['Adventure', 'Comedy', 'Family']",7.8,227994792

Sleepless in Seattle,(1993),105,"['Comedy', 'Drama', 'Romance']",6.8,227927165

Lethal Weapon 2,(1989),114,"['Action', 'Crime', 'Thriller']",7.2,227853986

The Green Hornet,(2011),119,"['Action', 'Comedy', 'Crime']",5.8,227817248

Out of Africa,(1985),161,"['Biography', 'Drama', 'Romance']",7.1,227514205

Elf,(2003),97,"['Adventure', 'Comedy', 'Family']",7.1,227356156

Fang hua,(2017),135,"['Drama', 'Romance', 'War']",7,227091290

Baby Driver,(2017),113,"['Action', 'Crime', 'Drama']",7.6,226945087

Immortals,(2011),110,"['Action', 'Drama', 'Fantasy']",6,226904017

Taken,(I) (2008),90,"['Action', 'Crime', 'Thriller']",7.8,226837760

Percy Jackson & the Olympians: The Lightning Thief,(2010),118,"['Adventure', 'Family', 'Fantasy']",5.8,226497209

Lightyear,(2022),105,"['Animation', 'Action', 'Adventure']",6.1,226425420

Hansel & Gretel: Witch Hunters,(2013),88,"['Action', 'Fantasy', 'Horror']",6.1,226349749

Valerian and the City of a Thousand Planets,(2017),136,"['Action', 'Adventure', 'Fantasy']",6.4,225973340

Good Will Hunting,(1997),126,"['Drama', 'Romance']",8.3,225933435

Shaonian de ni,(2019),135,"['Crime', 'Drama', 'Romance']",7.5,225918798

Ford v Ferrari,(2019),152,"['Action', 'Biography', 'Drama']",8.1,225508210

Jumper,(2008),88,"['Action', 'Adventure', 'Sci-Fi']",6.1,225132113

The Social Network,(2010),120,"['Biography', 'Drama']",7.8,224920375

Chicken Run,(2000),84,"['Animation', 'Adventure', 'Comedy']",7.1,224874811

Con Air,(1997),115,"['Action', 'Crime', 'Thriller']",6.9,224012234

Interview with the Vampire: The Vampire Chronicles,(1994),123,"['Drama', 'Fantasy', 'Horror']",7.5,223664608

Flightplan,(2005),98,"['Drama', 'Mystery', 'Thriller']",6.3,223387299

Yes Man,(2008),104,"['Comedy', 'Romance']",6.8,223241637

Non-Stop,(2014),106,"['Action', 'Mystery', 'Thriller']",6.9,222809600

"Honey, I Shrunk the Kids",(1989),93,"['Adventure', 'Comedy', 'Family']",6.4,222724172

Fahrenheit 9/11,(2004),122,"['Documentary', 'Drama', 'War']",7.5,222446882

Wild Wild West,(1999),106,"['Action', 'Comedy', 'Sci-Fi']",4.9,222104681

Wo he wo de fu bei,(2021),157,['Drama'],6,221831086

Geostorm,(2017),109,"['Action', 'Sci-Fi', 'Thriller']",5.3,221600160

Presumed Innocent,(1990),127,"['Mystery', 'Thriller']",6.9,221303188

Jungle Cruise,(2021),127,"['Action', 'Adventure', 'Comedy']",6.6,220889446

Scary Movie 3,(2003),84,['Comedy'],5.5,220673217

Collateral,(2004),120,"['Action', 'Crime', 'Drama']",7.5,220239925

Inferno,(I) (2016),121,"['Action', 'Adventure', 'Crime']",6.2,220021259

Knocked Up,(2007),129,"['Comedy', 'Romance']",6.9,219922417

Green Lantern,(2011),114,"['Action', 'Adventure', 'Sci-Fi']",5.5,219851172

What Happens in Vegas,(2008),99,"['Comedy', 'Romance']",6.1,219375562

It's Complicated,(2009),121,"['Comedy', 'Drama', 'Romance']",6.5,219103655

The Terminal,(2004),128,"['Comedy', 'Drama', 'Romance']",7.4,219100084

Little Women,(2019),135,"['Drama', 'Romance']",7.8,218843645

Captain Phillips,(2013),134,"['Action', 'Biography', 'Crime']",7.8,218791811

The Prince of Egypt,(1998),99,"['Animation', 'Adventure', 'Drama']",7.2,218613188

Jack Reacher,(2012),130,"['Action', 'Mystery', 'Thriller']",7,218340595

Kingdom of Heaven,(2005),144,"['Action', 'Adventure', 'Drama']",7.2,218122627

The Emoji Movie,(2017),86,"['Animation', 'Adventure', 'Comedy']",3.4,217776646

Zhe ge sha shou bu tai leng jing,(2022),109,['Comedy'],6.1,217254604

Dracula Untold,(2014),92,"['Action', 'Drama', 'Fantasy']",6.2,217124280

Central Intelligence,(2016),107,"['Action', 'Comedy', 'Crime']",6.3,216972543

Million Dollar Baby,(2004),132,"['Drama', 'Sport']",8.1,216763646

The Help,(2011),146,['Drama'],8.1,216639112

Twins,(1988),107,"['Comedy', 'Crime']",6.1,216614388

Valentine's Day,(I) (2010),125,"['Comedy', 'Romance']",5.7,216528528

Bad Teacher,(2011),92,"['Comedy', 'Romance']",5.6,216197492

Smile,(V) (2022),115,"['Horror', 'Mystery', 'Thriller']",6.5,216135048

Song ni yi duo xiao hong hua,(2020),122,"['Drama', 'Family']",6.7,216000000

The Croods: A New Age,(2020),95,"['Animation', 'Adventure', 'Comedy']",6.9,215905815

Clear and Present Danger,(1994),141,"['Action', 'Crime', 'Drama']",6.9,215887717

One Hundred and One Dalmatians,(1961),79,"['Animation', 'Adventure', 'Comedy']",7.3,215880014

Ted 2,(2015),115,['Comedy'],6.3,215863606

Dracula,(1992),128,"['Drama', 'Fantasy', 'Horror']",7.4,215862692

Vertical Limit,(2000),124,"['Action', 'Adventure', 'Drama']",5.9,215663859

Ghostbusters II,(1989),108,"['Action', 'Comedy', 'Fantasy']",6.6,215394738

The Patriot,(2000),165,"['Action', 'Drama', 'History']",7.2,215294342

The Sorcerer's Apprentice,(2010),109,"['Action', 'Adventure', 'Family']",6.1,215283742

Just Go with It,(2011),117,"['Comedy', 'Romance']",6.4,214945591

The Expendables 3,(2014),126,"['Action', 'Adventure', 'Thriller']",6.1,214657577

Dirty Dancing,(I) (1987),100,"['Drama', 'Music', 'Romance']",7,214577242

Creed II,(2018),130,"['Action', 'Drama', 'Sport']",7.1,214215889

Smallfoot,(2018),96,"['Animation', 'Adventure', 'Comedy']",6.6,214115531

Public Enemies,(2009),140,"['Action', 'Biography', 'Crime']",7,214104620

The Bourne Identity,(2002),119,"['Action', 'Mystery', 'Thriller']",7.9,214034224

Disclosure,(1994),128,"['Drama', 'Thriller']",6.1,214015089

Pulp Fiction,(1994),154,"['Crime', 'Drama']",8.9,213928762

The Aviator,(2004),170,"['Biography', 'Drama']",7.5,213719942

Wo hu cang long,(2000),120,"['Action', 'Adventure', 'Drama']",7.9,213525736

Braveheart,(1995),178,"['Biography', 'Drama', 'History']",8.4,213216216

Into the Woods,(2014),125,"['Adventure', 'Comedy', 'Drama']",5.9,212902372

Bedtime Stories,(2008),99,"['Adventure', 'Comedy', 'Family']",6,212874864

Miss Congeniality,(2000),109,"['Action', 'Comedy', 'Crime']",6.3,212742720

Entrapment,(1999),113,"['Action', 'Crime', 'Romance']",6.3,212404396

Ace Ventura: When Nature Calls,(1995),90,"['Adventure', 'Comedy', 'Crime']",6.4,212385533

End of Days,(1999),122,"['Action', 'Fantasy', 'Horror']",5.8,211989043

Bridget Jones's Baby,(2016),123,"['Comedy', 'Drama', 'Romance']",6.5,211952420

Fury,(2014),134,"['Action', 'Drama', 'War']",7.5,211822697

Battle: Los Angeles,(2011),116,"['Action', 'Adventure', 'Sci-Fi']",5.7,211819354

Australia,(2008),165,"['Adventure', 'Drama', 'Romance']",6.6,211787511

Due Date,(2010),95,"['Comedy', 'Drama']",6.5,211780824

Master and Commander: The Far Side of the World,(2003),138,"['Action', 'Adventure', 'Drama']",7.4,211622535

A Series of Unfortunate Events,(2004),108,"['Adventure', 'Comedy', 'Family']",6.8,211468235

The Little Mermaid,(1989),83,"['Animation', 'Adventure', 'Family']",7.6,211343479

Qi ji · Ben xiao hai,(2022),106,"['Comedy', 'Drama']",6.6,211019042

District 9,(2009),112,"['Action', 'Sci-Fi', 'Thriller']",7.9,210888950

Moonraker,(1979),126,"['Action', 'Adventure', 'Sci-Fi']",6.2,210308099

The Others,(2001),101,"['Horror', 'Mystery', 'Thriller']",7.6,209947037

Horrible Bosses,(2011),98,"['Comedy', 'Crime']",6.9,209838559

Hou lai de wo men,(2018),120,"['Drama', 'Romance']",7.4,209221380

Red Dragon,(2002),124,"['Crime', 'Drama', 'Thriller']",7.2,209196298

Tomorrowland,(2015),130,"['Action', 'Adventure', 'Family']",6.4,209035668

Me Before You,(2016),106,"['Drama', 'Romance']",7.4,208314186

Safe House,(2012),115,"['Action', 'Thriller']",6.7,208076205

S.W.A.T.,(2003),117,"['Action', 'Adventure', 'Crime']",6,207725639

The Fast and the Furious,(2001),106,"['Action', 'Crime', 'Thriller']",6.8,207517509

Traffic,(2000),147,"['Crime', 'Drama', 'Thriller']",7.6,207515725

DC League of Super-Pets,(2022),105,"['Animation', 'Action', 'Adventure']",7.1,207357117

Paranormal Activity 3,(2011),83,"['Horror', 'Mystery']",5.8,207039844

Philadelphia,(1993),125,['Drama'],7.7,206678440

The Conjuring: The Devil Made Me Do It,(2021),112,"['Horror', 'Mystery', 'Thriller']",6.3,206431050

Sleepy Hollow,(1999),105,"['Fantasy', 'Horror', 'Mystery']",7.3,206071502

The Holiday,(2006),136,"['Comedy', 'Romance']",6.9,205850169

The Jungle Book,(1967),78,"['Animation', 'Adventure', 'Comedy']",7.6,205843612

Nou fo,(2021),126,"['Action', 'Adventure', 'Crime']",6.5,205842393

London Has Fallen,(2016),99,"['Action', 'Thriller']",5.9,205754447

The Break-Up,(2006),106,"['Comedy', 'Drama', 'Romance']",5.8,205668210

Xi you: Xiang mo pian,(2013),110,"['Action', 'Adventure', 'Comedy']",6.7,205637183

The Ugly Truth,(2009),96,"['Comedy', 'Romance']",6.4,205599393

JFK,(1991),189,"['Drama', 'History', 'Thriller']",8,205405498

Birds of Prey and the Fantabulous Emancipation of One Harley Quinn,(2020),109,"['Action', 'Comedy', 'Crime']",6,205372791

White House Down,(2013),131,"['Action', 'Drama', 'Thriller']",6.3,205366737

A Dog's Purpose,(2017),100,"['Adventure', 'Comedy', 'Drama']",7.2,205035819

Gake no ue no Ponyo,(2008),101,"['Animation', 'Adventure', 'Comedy']",7.6,204826668

Fun with Dick and Jane,(2005),90,"['Comedy', 'Crime']",6.2,204681899

Eat Pray Love,(2010),133,"['Biography', 'Drama', 'Romance']",5.8,204594016

The Addams Family,(2019),86,"['Animation', 'Comedy', 'Family']",5.8,204394183

Ghostbusters: Afterlife,(2021),124,"['Adventure', 'Comedy', 'Fantasy']",7.1,204334455

You Don't Mess with the Zohan,(2008),113,"['Action', 'Comedy']",5.6,204313400

Hairspray,(2007),117,"['Comedy', 'Drama', 'Musical']",6.7,203627753

King Arthur,(2004),126,"['Action', 'Adventure', 'Drama']",6.3,203567857

Yogi Bear,(2010),81,"['Animation', 'Adventure', 'Comedy']",4.6,203509374

Everest,(2015),121,"['Action', 'Adventure', 'Biography']",7.1,203427584

Vanilla Sky,(2001),136,"['Fantasy', 'Mystery', 'Romance']",6.9,203388341

Arrival,(II) (2016),116,"['Drama', 'Mystery', 'Sci-Fi']",7.9,203388186

Need for Speed,(2014),132,"['Action', 'Adventure', 'Thriller']",6.4,203277636

Garfield,(2004),80,"['Animation', 'Adventure', 'Comedy']",5,203172417

Patch Adams,(1998),115,"['Biography', 'Comedy', 'Drama']",6.8,202292902

Teenage Mutant Ninja Turtles,(1990),93,"['Action', 'Adventure', 'Comedy']",6.7,202084756

Kindergarten Cop,(1990),111,"['Action', 'Comedy', 'Crime']",6.2,201957688

Straight Outta Compton,(2015),147,"['Biography', 'Drama', 'History']",7.8,201634991

21 Jump Street,(2012),109,"['Action', 'Comedy', 'Crime']",7.2,201585328

Valkyrie,(2008),121,"['Drama', 'History', 'Thriller']",7.1,201545517

Open Season,(2006),86,"['Animation', 'Adventure', 'Comedy']",6.1,200811689

Cats & Dogs,(2001),87,"['Action', 'Adventure', 'Comedy']",5.1,200687492

The Hunt for Red October,(1990),135,"['Action', 'Adventure', 'Thriller']",7.5,200512643

Percy Jackson: Sea of Monsters,(2013),106,"['Adventure', 'Family', 'Fantasy']",5.7,199850315

Two Weeks Notice,(2002),101,"['Comedy', 'Romance']",6.1,199043471

RED,(2010),111,"['Action', 'Comedy', 'Crime']",7,199006387

Chak dan juen ga 2,(2020),120,"['Action', 'Crime', 'Thriller']",6.6,198921659

City of Angels,(1998),114,"['Drama', 'Fantasy', 'Romance']",6.7,198685114

The Pacifier,(2005),95,"['Action', 'Comedy', 'Drama']",5.6,198636868

50 First Dates,(2004),99,"['Comedy', 'Drama', 'Romance']",6.8,198520934

Total Recall,(I) (2012),118,"['Action', 'Adventure', 'Sci-Fi']",6.2,198467168

Yi chu hao xi,(2018),134,"['Comedy', 'Drama']",6.2,198326350

Lo imposible,(2012),114,"['Adventure', 'Drama', 'History']",7.5,198087212

Ren zai jiong tu: Tai jiong,(2012),105,"['Adventure', 'Comedy', 'Drama']",6.2,197757387

Christopher Robin,(2018),104,"['Adventure', 'Comedy', 'Drama']",7.2,197744377

Jack the Giant Slayer,(2013),114,"['Action', 'Adventure', 'Fantasy']",6.2,197687603

Smurfs: The Lost Village,(2017),90,"['Animation', 'Adventure', 'Comedy']",6,197183546

Zhong guo yi sheng,(2021),129,['Drama'],4.7,197143218

Spy Kids 3: Game Over,(2003),84,"['Action', 'Adventure', 'Comedy']",4.3,197101678

Panic Room,(2002),112,"['Crime', 'Drama', 'Thriller']",6.8,197079546

The Other Woman,(2014),109,"['Comedy', 'Romance']",6,196710396

Stargate,(1994),116,"['Action', 'Adventure', 'Sci-Fi']",7,196567262

Beowulf,(2007),115,"['Animation', 'Action', 'Adventure']",6.3,196393745

The Vow,(2012),104,"['Drama', 'Romance']",6.8,196114570

Anger Management,(2003),106,['Comedy'],6.2,195745823

Tropic Thunder,(2008),107,"['Action', 'Comedy', 'War']",7.1,195702963

The Shape of Water,(2017),123,"['Drama', 'Fantasy', 'Romance']",7.3,195333312

Rocketman,(I) (2019),121,"['Biography', 'Drama', 'Music']",7.3,195320400

The Pelican Brief,(1993),141,"['Crime', 'Drama', 'Mystery']",6.6,195268056

The BFG,(2016),117,"['Adventure', 'Family', 'Fantasy']",6.3,195243411

Downton Abbey,(2019),122,"['Drama', 'Romance']",7.4,194694725

The Intern,(I) (2015),121,"['Comedy', 'Drama']",7.1,194564672

The Curse of the Were-Rabbit,(2005),85,"['Animation', 'Adventure', 'Comedy']",7.5,194137091

Gnomeo & Juliet,(2011),84,"['Animation', 'Adventure', 'Comedy']",5.9,193967670

The Sum of All Fears,(2002),124,"['Action', 'Drama', 'Thriller']",6.4,193921372

Gangs of New York,(2002),167,"['Crime', 'Drama']",7.5,193772504

The Post,(2017),116,"['Biography', 'Drama', 'History']",7.2,193764664

Xi you ji zhi: Sun Wukong san da Baigu Jing,(2016),119,"['Action', 'Adventure', 'Fantasy']",5.9,193678298

Paranormal Activity,(2007),86,"['Horror', 'Mystery']",6.3,193355800

Tenki no ko,(2019),112,"['Animation', 'Drama', 'Fantasy']",7.5,193337225

The Lego Movie 2: The Second Part,(2019),107,"['Animation', 'Action', 'Adventure']",6.6,192456290

The Equalizer,(2014),132,"['Action', 'Crime', 'Thriller']",7.2,192330738

Wu sha,(2019),112,"['Crime', 'Drama', 'Thriller']",6.8,191602146

The Addams Family,(1991),99,"['Comedy', 'Fantasy']",6.9,191502426

The Longest Yard,(2005),113,"['Comedy', 'Crime', 'Sport']",6.4,191466556

The Lost City,(2022),112,"['Action', 'Adventure', 'Comedy']",6.1,190844029

The Santa Clause,(1994),97,"['Comedy', 'Drama', 'Family']",6.5,190539357

Cheaper by the Dozen,(2003),98,"['Comedy', 'Family']",5.9,190538630

The Equalizer 2,(2018),121,"['Action', 'Crime', 'Thriller']",6.7,190400157

Abominable,(2019),97,"['Animation', 'Adventure', 'Comedy']",7,190304772

Hollow Man,(2000),112,"['Action', 'Horror', 'Sci-Fi']",5.8,190213455

Outbreak,(1995),127,"['Action', 'Drama', 'Thriller']",6.6,189859560

So duk 2: Tin dei duei kuet,(2019),99,"['Action', 'Crime']",6,189396380

The X Files,(1998),121,"['Drama', 'Mystery', 'Sci-Fi']",7,189176423

Xin hua lu fang,(2014),116,"['Comedy', 'Drama', 'Romance']",6.4,189017596

Rambo III,(1988),102,"['Action', 'Adventure', 'Thriller']",5.8,189015611

The Secret Life of Walter Mitty,(2013),114,"['Adventure', 'Comedy', 'Drama']",7.3,188133322

Mou seung,(2018),130,"['Action', 'Crime', 'Mystery']",6.8,188116796

Jaws 2,(1978),116,"['Adventure', 'Horror', 'Thriller']",5.8,187884007

12 Years a Slave,(2013),134,"['Biography', 'Drama', 'History']",8.1,187733202

Heat,(1995),170,"['Action', 'Crime', 'Drama']",8.3,187436818

Mr. Popper's Penguins,(2011),94,"['Comedy', 'Family', 'Fantasy']",6,187361754

The Grudge,(2004),91,"['Horror', 'Mystery', 'Thriller']",5.9,187281115

I Now Pronounce You Chuck & Larry,(2007),115,"['Comedy', 'Romance']",5.9,187134117

The Horse Whisperer,(1998),169,"['Drama', 'Romance', 'Western']",6.7,186883563

Walk the Line,(2005),136,"['Biography', 'Drama', 'Music']",7.8,186797986

Jian bing xia,(2015),113,['Comedy'],5.6,186699768

The Jungle Book 2,(2003),72,"['Animation', 'Adventure', 'Comedy']",5.3,186303759

The Final Destination,(2009),82,"['Horror', 'Thriller']",5.1,186167139

Atlantis: The Lost Empire,(2001),95,"['Animation', 'Action', 'Adventure']",6.9,186053725

Inside Man,(2006),129,"['Crime', 'Drama', 'Mystery']",7.6,186003591

The Waterboy,(1998),90,"['Comedy', 'Sport']",6.1,185991646

Hugo,(2011),126,"['Adventure', 'Drama', 'Family']",7.5,185770310

Pitch Perfect 3,(2017),93,"['Comedy', 'Music']",5.8,185400345

Watchmen,(2009),162,"['Action', 'Drama', 'Mystery']",7.6,185382813

The Birdcage,(1996),117,['Comedy'],7.2,185260553

Moulin Rouge!,(2001),127,"['Drama', 'Musical', 'Romance']",7.6,184935320

Snow White and the Seven Dwarfs,(1937),83,"['Animation', 'Adventure', 'Family']",7.6,184925486

Hop,(2011),95,"['Animation', 'Adventure', 'Comedy']",5.4,184367145

Bad Moms,(2016),100,['Comedy'],6.2,183936074

Jupiter Ascending,(2015),127,"['Action', 'Adventure', 'Sci-Fi']",5.3,183887723

Knowing,(2009),121,"['Action', 'Mystery', 'Sci-Fi']",6.2,183658498

102 Dalmatians,(2000),100,"['Adventure', 'Comedy', 'Family']",4.8,183611771

Storks,(2016),87,"['Animation', 'Adventure', 'Comedy']",6.8,183510278

Stand by Me Doraemon,(2014),95,"['Animation', 'Comedy', 'Drama']",7.3,183442714

The Hitman's Bodyguard,(2017),118,"['Action', 'Comedy', 'Crime']",6.9,183428689

Paul Blart: Mall Cop,(2009),91,"['Action', 'Comedy', 'Crime']",5.2,183348429

Wayne's World,(1992),94,"['Comedy', 'Music']",7,183097323

Maverick,(1994),127,"['Action', 'Adventure', 'Comedy']",7,183031272

Mirror Mirror,(I) (2012),106,"['Adventure', 'Comedy', 'Drama']",5.6,183018522

The Man in the Iron Mask,(I) (1998),132,"['Action', 'Adventure', 'Drama']",6.5,182968902

Cape Fear,(1991),128,"['Crime', 'Thriller']",7.3,182291969

The Haunted Mansion,(2003),99,"['Comedy', 'Family', 'Fantasy']",5.1,182290266

Xi you ji: Da nao tian gong,(2014),119,"['Action', 'Adventure', 'Family']",4.9,182206924

While You Were Sleeping,(1995),103,"['Comedy', 'Drama', 'Romance']",6.8,182057016

The Bridges of Madison County,(1995),135,"['Drama', 'Romance']",7.6,182016617

Du cheng feng yun III,(2016),113,"['Comedy', 'Drama']",2.6,181732879

Poseidon,(2006),98,"['Action', 'Adventure', 'Thriller']",5.7,181674817

The First Wives Club,(1996),103,['Comedy'],6.4,181489203

Xuan ya zhi shang,(2021),120,"['Crime', 'Drama', 'Thriller']",6.5,181325565

Scooby-Doo 2: Monsters Unleashed,(2004),93,"['Adventure', 'Comedy', 'Family']",5.2,181239132

Hot Shots!,(1991),84,"['Action', 'Comedy']",6.7,181096164

Road to Perdition,(2002),117,"['Crime', 'Drama', 'Thriller']",7.7,181001478

Kill Bill: Vol. 1,(2003),111,"['Action', 'Crime', 'Drama']",8.2,180906076

The Scorpion King,(2002),92,"['Action', 'Adventure', 'Fantasy']",5.5,180630907

Sweet Home Alabama,(2002),108,"['Comedy', 'Romance']",6.2,180622424

Daddy's Home 2,(2017),100,['Comedy'],6,180613824

Hacksaw Ridge,(2016),139,"['Biography', 'Drama', 'History']",8.1,180563636

Deja Vu,(2006),126,"['Action', 'Crime', 'Sci-Fi']",7.1,180557550

Dangerous Minds,(1995),99,"['Biography', 'Drama']",6.5,179519401

One Piece Film Red,(2022),115,"['Animation', 'Action', 'Adventure']",6.6,179444905

The Dictator,(2012),83,['Comedy'],6.4,179379533

The League of Extraordinary Gentlemen,(2003),110,"['Action', 'Adventure', 'Fantasy']",5.8,179265204

Allegiant,(2016),120,"['Action', 'Adventure', 'Mystery']",5.7,179246868

Daredevil,(2003),103,"['Action', 'Crime']",5.3,179179718

City Slickers,(1991),113,"['Comedy', 'Western']",6.8,179033791

He's Just Not That Into You,(2009),129,"['Comedy', 'Drama', 'Romance']",6.4,178866158

Eagle Eye,(2008),118,"['Action', 'Mystery', 'Thriller']",6.6,178767383

Along Came Polly,(2004),90,"['Comedy', 'Romance']",6,178311729

Flushed Away,(2006),85,"['Animation', 'Action', 'Adventure']",6.6,178281554

Scary Movie 4,(2006),83,['Comedy'],5.1,178262620

Dante's Peak,(1997),108,"['Action', 'Adventure', 'Thriller']",6,178127760

Brokeback Mountain,(2005),134,"['Drama', 'Romance']",7.7,178062759

Patriot Games,(1992),117,"['Action', 'Thriller']",6.8,178051587

Flubber,(1997),93,"['Comedy', 'Family', 'Sci-Fi']",5.3,177977226

Baywatch,(2017),116,"['Action', 'Comedy', 'Crime']",5.5,177856751

Double Jeopardy,(1999),105,"['Crime', 'Drama', 'Mystery']",6.5,177841558

War Horse,(2011),146,"['Action', 'Adventure', 'Drama']",7.2,177584879

Paranormal Activity 2,(2010),91,"['Horror', 'Mystery']",5.7,177512032

How to Lose a Guy in 10 Days,(2003),116,"['Comedy', 'Romance']",6.4,177502387

AVP: Alien vs. Predator,(2004),101,"['Action', 'Adventure', 'Horror']",5.6,177427090

Ying xiong,(2002),120,"['Action', 'Adventure', 'Drama']",7.9,177395557

The 40 Year Old Virgin,(2005),116,"['Comedy', 'Romance']",7.1,177378645

